_time,carrusel,temp_c,vibracion,corriente
2026-05-24 00:00:00,carrusel-01,37.3,0.031,3.1
2026-05-24 00:15:00,carrusel-01,35.7,0.033,2.7
2026-05-24 00:30:00,carrusel-01,36.7,0.016,2.4
2026-05-24 00:45:00,carrusel-01,35.2,0.012,2.7
2026-05-24 01:00:00,carrusel-01,36.4,0.013,2.2
2026-05-24 01:15:00,carrusel-01,37.2,0.027,2.5
2026-05-24 01:30:00,carrusel-01,36.1,0.011,2.6
2026-05-24 01:45:00,carrusel-01,35.6,0.015,2.9
2026-05-24 02:00:00,carrusel-01,34.7,0.027,2.3
2026-05-24 02:15:00,carrusel-01,33.6,0.009,2.5
2026-05-24 02:30:00,carrusel-01,37.7,0.025,2.8
2026-05-24 02:45:00,carrusel-01,35.1,0.016,2.7
2026-05-24 03:00:00,carrusel-01,33.9,0.023,2.4
2026-05-24 03:15:00,carrusel-01,36.7,0.028,2.7
2026-05-24 03:30:00,carrusel-01,35.6,0.023,2.7
2026-05-24 03:45:00,carrusel-01,35.8,0.011,2.3
2026-05-24 04:00:00,carrusel-01,39.1,0.026,3.0
2026-05-24 04:15:00,carrusel-01,36.7,0.029,3.1
2026-05-24 04:30:00,carrusel-01,37.9,0.0,2.7
2026-05-24 04:45:00,carrusel-01,35.6,0.021,2.1
2026-05-24 05:00:00,carrusel-01,36.4,0.032,2.4
2026-05-24 05:15:00,carrusel-01,35.4,0.027,2.6
2026-05-24 05:30:00,carrusel-01,36.6,0.021,2.7
2026-05-24 05:45:00,carrusel-01,35.6,0.017,2.2
2026-05-24 06:00:00,carrusel-01,37.8,0.026,2.8
2026-05-24 06:15:00,carrusel-01,35.5,0.017,2.3
2026-05-24 06:30:00,carrusel-01,38.0,0.041,2.8
2026-05-24 06:45:00,carrusel-01,37.4,0.011,2.8
2026-05-24 07:00:00,carrusel-01,42.0,0.031,3.2
2026-05-24 07:15:00,carrusel-01,37.6,0.042,3.3
2026-05-24 07:30:00,carrusel-01,39.4,0.05,3.2
2026-05-24 07:45:00,carrusel-01,43.1,0.031,3.3
2026-05-24 08:00:00,carrusel-01,41.4,0.033,3.8
2026-05-24 08:15:00,carrusel-01,41.1,0.031,3.7
2026-05-24 08:30:00,carrusel-01,41.6,0.052,3.5
2026-05-24 08:45:00,carrusel-01,43.6,0.032,3.8
2026-05-24 09:00:00,carrusel-01,42.9,0.035,3.5
2026-05-24 09:15:00,carrusel-01,43.9,0.053,4.1
2026-05-24 09:30:00,carrusel-01,42.3,0.047,3.6
2026-05-24 09:45:00,carrusel-01,44.1,0.042,4.2
2026-05-24 10:00:00,carrusel-01,41.4,0.048,3.3
2026-05-24 10:15:00,carrusel-01,42.5,0.052,4.1
2026-05-24 10:30:00,carrusel-01,41.1,0.038,3.6
2026-05-24 10:45:00,carrusel-01,42.4,0.047,3.9
2026-05-24 11:00:00,carrusel-01,42.2,0.037,4.0
2026-05-24 11:15:00,carrusel-01,41.0,0.036,3.8
2026-05-24 11:30:00,carrusel-01,41.4,0.043,3.4
2026-05-24 11:45:00,carrusel-01,38.7,0.035,3.6
2026-05-24 12:00:00,carrusel-01,39.0,0.04,3.5
2026-05-24 12:15:00,carrusel-01,40.7,0.039,3.2
2026-05-24 12:30:00,carrusel-01,41.2,0.047,3.6
2026-05-24 12:45:00,carrusel-01,39.4,0.043,3.5
2026-05-24 13:00:00,carrusel-01,45.1,0.043,3.7
2026-05-24 13:15:00,carrusel-01,42.8,0.042,3.9
2026-05-24 13:30:00,carrusel-01,40.2,0.035,3.5
2026-05-24 13:45:00,carrusel-01,39.8,0.05,3.4
2026-05-24 14:00:00,carrusel-01,41.8,0.039,3.2
2026-05-24 14:15:00,carrusel-01,41.3,0.033,3.5
2026-05-24 14:30:00,carrusel-01,39.7,0.056,3.6
2026-05-24 14:45:00,carrusel-01,39.2,0.027,3.3
2026-05-24 15:00:00,carrusel-01,40.4,0.043,3.6
2026-05-24 15:15:00,carrusel-01,38.6,0.029,3.0
2026-05-24 15:30:00,carrusel-01,42.5,0.035,3.9
2026-05-24 15:45:00,carrusel-01,43.2,0.033,3.7
2026-05-24 16:00:00,carrusel-01,41.2,0.049,3.9
2026-05-24 16:15:00,carrusel-01,40.4,0.013,3.2
2026-05-24 16:30:00,carrusel-01,40.5,0.058,3.5
2026-05-24 16:45:00,carrusel-01,40.7,0.05,3.2
2026-05-24 17:00:00,carrusel-01,43.5,0.043,4.2
2026-05-24 17:15:00,carrusel-01,42.8,0.052,4.0
2026-05-24 17:30:00,carrusel-01,44.3,0.064,3.8
2026-05-24 17:45:00,carrusel-01,42.7,0.056,4.5
2026-05-24 18:00:00,carrusel-01,42.8,0.05,4.0
2026-05-24 18:15:00,carrusel-01,43.0,0.048,3.6
2026-05-24 18:30:00,carrusel-01,43.9,0.058,4.2
2026-05-24 18:45:00,carrusel-01,41.3,0.051,3.9
2026-05-24 19:00:00,carrusel-01,42.1,0.055,3.6
2026-05-24 19:15:00,carrusel-01,43.3,0.05,4.3
2026-05-24 19:30:00,carrusel-01,44.5,0.062,4.1
2026-05-24 19:45:00,carrusel-01,43.1,0.054,4.0
2026-05-24 20:00:00,carrusel-01,41.2,0.032,3.9
2026-05-24 20:15:00,carrusel-01,39.0,0.048,3.6
2026-05-24 20:30:00,carrusel-01,42.8,0.045,3.6
2026-05-24 20:45:00,carrusel-01,39.7,0.047,3.4
2026-05-24 21:00:00,carrusel-01,38.6,0.036,3.0
2026-05-24 21:15:00,carrusel-01,39.3,0.034,3.0
2026-05-24 21:30:00,carrusel-01,39.3,0.021,2.8
2026-05-24 21:45:00,carrusel-01,38.7,0.035,3.4
2026-05-24 22:00:00,carrusel-01,38.8,0.032,2.9
2026-05-24 22:15:00,carrusel-01,37.2,0.029,2.6
2026-05-24 22:30:00,carrusel-01,40.8,0.032,3.2
2026-05-24 22:45:00,carrusel-01,38.5,0.034,3.1
2026-05-24 23:00:00,carrusel-01,36.6,0.026,2.9
2026-05-24 23:15:00,carrusel-01,40.2,0.05,3.0
2026-05-24 23:30:00,carrusel-01,37.7,0.044,2.7
2026-05-24 23:45:00,carrusel-01,35.3,0.003,2.4
2026-05-25 00:00:00,carrusel-01,36.2,0.023,2.9
2026-05-25 00:15:00,carrusel-01,36.8,0.019,2.9
2026-05-25 00:30:00,carrusel-01,38.2,0.029,2.4
2026-05-25 00:45:00,carrusel-01,37.6,0.019,2.7
2026-05-25 01:00:00,carrusel-01,35.3,0.02,2.5
2026-05-25 01:15:00,carrusel-01,36.7,0.011,2.5
2026-05-25 01:30:00,carrusel-01,38.1,0.032,2.6
2026-05-25 01:45:00,carrusel-01,37.5,0.023,2.4
2026-05-25 02:00:00,carrusel-01,37.6,0.036,2.8
2026-05-25 02:15:00,carrusel-01,41.1,0.031,3.3
2026-05-25 02:30:00,carrusel-01,39.1,0.019,2.9
2026-05-25 02:45:00,carrusel-01,35.4,0.017,2.4
2026-05-25 03:00:00,carrusel-01,36.9,0.032,2.5
2026-05-25 03:15:00,carrusel-01,35.8,0.013,2.8
2026-05-25 03:30:00,carrusel-01,37.5,0.01,2.8
2026-05-25 03:45:00,carrusel-01,36.8,0.023,2.3
2026-05-25 04:00:00,carrusel-01,34.7,0.019,2.7
2026-05-25 04:15:00,carrusel-01,36.6,0.016,2.3
2026-05-25 04:30:00,carrusel-01,34.8,0.016,2.3
2026-05-25 04:45:00,carrusel-01,39.0,0.027,3.2
2026-05-25 05:00:00,carrusel-01,37.2,0.031,3.0
2026-05-25 05:15:00,carrusel-01,35.3,0.018,2.0
2026-05-25 05:30:00,carrusel-01,37.6,0.033,2.5
2026-05-25 05:45:00,carrusel-01,37.9,0.051,3.0
2026-05-25 06:00:00,carrusel-01,36.4,0.013,2.9
2026-05-25 06:15:00,carrusel-01,35.8,0.021,2.6
2026-05-25 06:30:00,carrusel-01,40.1,0.032,3.4
2026-05-25 06:45:00,carrusel-01,38.0,0.045,3.2
2026-05-25 07:00:00,carrusel-01,40.3,0.032,3.2
2026-05-25 07:15:00,carrusel-01,44.3,0.034,3.9
2026-05-25 07:30:00,carrusel-01,39.9,0.034,3.3
2026-05-25 07:45:00,carrusel-01,39.5,0.041,3.4
2026-05-25 08:00:00,carrusel-01,43.9,0.053,4.5
2026-05-25 08:15:00,carrusel-01,43.8,0.058,4.5
2026-05-25 08:30:00,carrusel-01,44.2,0.046,4.2
2026-05-25 08:45:00,carrusel-01,41.3,0.038,4.1
2026-05-25 09:00:00,carrusel-01,43.9,0.063,4.0
2026-05-25 09:15:00,carrusel-01,43.5,0.052,4.4
2026-05-25 09:30:00,carrusel-01,44.5,0.066,4.3
2026-05-25 09:45:00,carrusel-01,45.1,0.068,5.0
2026-05-25 10:00:00,carrusel-01,41.0,0.05,3.7
2026-05-25 10:15:00,carrusel-01,44.3,0.058,4.3
2026-05-25 10:30:00,carrusel-01,45.3,0.06,4.3
2026-05-25 10:45:00,carrusel-01,43.0,0.054,4.0
2026-05-25 11:00:00,carrusel-01,46.0,0.058,4.0
2026-05-25 11:15:00,carrusel-01,43.0,0.035,3.9
2026-05-25 11:30:00,carrusel-01,41.6,0.045,4.1
2026-05-25 11:45:00,carrusel-01,43.2,0.058,3.6
2026-05-25 12:00:00,carrusel-01,44.4,0.039,4.3
2026-05-25 12:15:00,carrusel-01,43.0,0.056,4.5
2026-05-25 12:30:00,carrusel-01,43.8,0.048,3.9
2026-05-25 12:45:00,carrusel-01,42.5,0.052,4.0
2026-05-25 13:00:00,carrusel-01,43.9,0.06,4.0
2026-05-25 13:15:00,carrusel-01,40.8,0.041,3.8
2026-05-25 13:30:00,carrusel-01,42.4,0.058,4.3
2026-05-25 13:45:00,carrusel-01,45.8,0.045,3.8
2026-05-25 14:00:00,carrusel-01,42.3,0.044,3.4
2026-05-25 14:15:00,carrusel-01,40.6,0.065,3.8
2026-05-25 14:30:00,carrusel-01,42.9,0.049,3.8
2026-05-25 14:45:00,carrusel-01,42.6,0.06,4.0
2026-05-25 15:00:00,carrusel-01,42.9,0.043,4.0
2026-05-25 15:15:00,carrusel-01,43.3,0.031,4.1
2026-05-25 15:30:00,carrusel-01,41.5,0.037,3.4
2026-05-25 15:45:00,carrusel-01,43.6,0.041,3.8
2026-05-25 16:00:00,carrusel-01,45.5,0.049,3.8
2026-05-25 16:15:00,carrusel-01,43.2,0.03,4.1
2026-05-25 16:30:00,carrusel-01,44.3,0.066,4.3
2026-05-25 16:45:00,carrusel-01,42.2,0.072,4.1
2026-05-25 17:00:00,carrusel-01,45.0,0.059,4.3
2026-05-25 17:15:00,carrusel-01,44.3,0.057,4.3
2026-05-25 17:30:00,carrusel-01,45.1,0.055,4.7
2026-05-25 17:45:00,carrusel-01,44.8,0.061,3.6
2026-05-25 18:00:00,carrusel-01,44.6,0.046,4.2
2026-05-25 18:15:00,carrusel-01,47.1,0.065,4.6
2026-05-25 18:30:00,carrusel-01,45.1,0.06,4.8
2026-05-25 18:45:00,carrusel-01,45.9,0.056,4.3
2026-05-25 19:00:00,carrusel-01,45.5,0.055,4.6
2026-05-25 19:15:00,carrusel-01,44.2,0.056,4.0
2026-05-25 19:30:00,carrusel-01,43.5,0.065,4.3
2026-05-25 19:45:00,carrusel-01,46.3,0.052,4.1
2026-05-25 20:00:00,carrusel-01,42.7,0.035,4.1
2026-05-25 20:15:00,carrusel-01,42.5,0.04,3.4
2026-05-25 20:30:00,carrusel-01,42.5,0.045,4.0
2026-05-25 20:45:00,carrusel-01,43.7,0.048,4.1
2026-05-25 21:00:00,carrusel-01,38.4,0.028,3.6
2026-05-25 21:15:00,carrusel-01,40.3,0.039,3.5
2026-05-25 21:30:00,carrusel-01,39.6,0.04,3.2
2026-05-25 21:45:00,carrusel-01,38.5,0.047,3.5
2026-05-25 22:00:00,carrusel-01,40.2,0.046,3.3
2026-05-25 22:15:00,carrusel-01,36.0,0.021,2.8
2026-05-25 22:30:00,carrusel-01,38.1,0.034,3.0
2026-05-25 22:45:00,carrusel-01,37.3,0.025,2.9
2026-05-25 23:00:00,carrusel-01,38.8,0.019,3.3
2026-05-25 23:15:00,carrusel-01,37.7,0.019,3.0
2026-05-25 23:30:00,carrusel-01,37.6,0.047,2.8
2026-05-25 23:45:00,carrusel-01,38.2,0.032,3.5
2026-05-26 00:00:00,carrusel-01,38.2,0.026,2.4
2026-05-26 00:15:00,carrusel-01,38.7,0.031,2.5
2026-05-26 00:30:00,carrusel-01,35.7,0.019,2.6
2026-05-26 00:45:00,carrusel-01,35.9,0.029,2.9
2026-05-26 01:00:00,carrusel-01,38.8,0.033,2.9
2026-05-26 01:15:00,carrusel-01,34.0,0.023,2.5
2026-05-26 01:30:00,carrusel-01,36.0,0.018,3.0
2026-05-26 01:45:00,carrusel-01,38.3,0.026,2.8
2026-05-26 02:00:00,carrusel-01,36.9,0.027,2.7
2026-05-26 02:15:00,carrusel-01,35.6,0.022,2.4
2026-05-26 02:30:00,carrusel-01,36.4,0.025,2.7
2026-05-26 02:45:00,carrusel-01,37.7,0.035,2.5
2026-05-26 03:00:00,carrusel-01,38.6,0.027,3.0
2026-05-26 03:15:00,carrusel-01,37.7,0.038,2.4
2026-05-26 03:30:00,carrusel-01,37.7,0.033,2.4
2026-05-26 03:45:00,carrusel-01,35.7,0.009,2.3
2026-05-26 04:00:00,carrusel-01,35.1,0.02,2.5
2026-05-26 04:15:00,carrusel-01,36.3,0.034,2.8
2026-05-26 04:30:00,carrusel-01,36.8,0.011,2.6
2026-05-26 04:45:00,carrusel-01,38.1,0.029,3.3
2026-05-26 05:00:00,carrusel-01,35.4,0.015,2.4
2026-05-26 05:15:00,carrusel-01,37.4,0.031,2.4
2026-05-26 05:30:00,carrusel-01,36.6,0.016,2.6
2026-05-26 05:45:00,carrusel-01,35.7,0.039,3.2
2026-05-26 06:00:00,carrusel-01,37.0,0.029,2.9
2026-05-26 06:15:00,carrusel-01,41.4,0.031,3.0
2026-05-26 06:30:00,carrusel-01,36.6,0.026,3.2
2026-05-26 06:45:00,carrusel-01,37.8,0.026,3.1
2026-05-26 07:00:00,carrusel-01,42.9,0.047,4.3
2026-05-26 07:15:00,carrusel-01,44.2,0.05,3.7
2026-05-26 07:30:00,carrusel-01,43.3,0.052,3.9
2026-05-26 07:45:00,carrusel-01,43.4,0.056,3.9
2026-05-26 08:00:00,carrusel-01,45.2,0.067,4.2
2026-05-26 08:15:00,carrusel-01,44.5,0.058,4.6
2026-05-26 08:30:00,carrusel-01,45.1,0.047,4.5
2026-05-26 08:45:00,carrusel-01,47.6,0.055,4.4
2026-05-26 09:00:00,carrusel-01,46.9,0.057,4.4
2026-05-26 09:15:00,carrusel-01,45.2,0.054,4.4
2026-05-26 09:30:00,carrusel-01,45.3,0.065,4.5
2026-05-26 09:45:00,carrusel-01,44.7,0.059,4.8
2026-05-26 10:00:00,carrusel-01,44.9,0.053,4.8
2026-05-26 10:15:00,carrusel-01,40.9,0.055,4.0
2026-05-26 10:30:00,carrusel-01,44.4,0.053,3.9
2026-05-26 10:45:00,carrusel-01,44.5,0.056,4.0
2026-05-26 11:00:00,carrusel-01,43.7,0.045,4.2
2026-05-26 11:15:00,carrusel-01,43.8,0.049,4.1
2026-05-26 11:30:00,carrusel-01,43.7,0.044,4.0
2026-05-26 11:45:00,carrusel-01,44.0,0.056,4.2
2026-05-26 12:00:00,carrusel-01,45.1,0.053,4.2
2026-05-26 12:15:00,carrusel-01,45.2,0.046,4.4
2026-05-26 12:30:00,carrusel-01,41.8,0.052,3.9
2026-05-26 12:45:00,carrusel-01,42.7,0.048,3.7
2026-05-26 13:00:00,carrusel-01,39.1,0.032,3.9
2026-05-26 13:15:00,carrusel-01,44.0,0.044,4.1
2026-05-26 13:30:00,carrusel-01,40.6,0.057,3.9
2026-05-26 13:45:00,carrusel-01,42.0,0.047,3.3
2026-05-26 14:00:00,carrusel-01,41.2,0.037,3.7
2026-05-26 14:15:00,carrusel-01,44.3,0.047,4.2
2026-05-26 14:30:00,carrusel-01,44.6,0.052,3.9
2026-05-26 14:45:00,carrusel-01,44.0,0.058,4.2
2026-05-26 15:00:00,carrusel-01,42.9,0.062,4.1
2026-05-26 15:15:00,carrusel-01,44.2,0.071,4.4
2026-05-26 15:30:00,carrusel-01,41.4,0.042,3.8
2026-05-26 15:45:00,carrusel-01,42.8,0.051,4.5
2026-05-26 16:00:00,carrusel-01,45.5,0.058,4.4
2026-05-26 16:15:00,carrusel-01,43.8,0.055,4.0
2026-05-26 16:30:00,carrusel-01,45.8,0.054,4.7
2026-05-26 16:45:00,carrusel-01,41.7,0.053,4.3
2026-05-26 17:00:00,carrusel-01,45.9,0.072,4.7
2026-05-26 17:15:00,carrusel-01,46.1,0.063,4.1
2026-05-26 17:30:00,carrusel-01,48.2,0.059,4.8
2026-05-26 17:45:00,carrusel-01,46.8,0.059,4.6
2026-05-26 18:00:00,carrusel-01,47.9,0.068,4.6
2026-05-26 18:15:00,carrusel-01,43.1,0.073,4.3
2026-05-26 18:30:00,carrusel-01,43.7,0.047,4.6
2026-05-26 18:45:00,carrusel-01,45.4,0.057,4.5
2026-05-26 19:00:00,carrusel-01,43.5,0.065,4.3
2026-05-26 19:15:00,carrusel-01,43.0,0.063,4.2
2026-05-26 19:30:00,carrusel-01,44.6,0.055,4.8
2026-05-26 19:45:00,carrusel-01,45.5,0.066,4.4
2026-05-26 20:00:00,carrusel-01,41.8,0.044,3.7
2026-05-26 20:15:00,carrusel-01,43.6,0.057,4.0
2026-05-26 20:30:00,carrusel-01,41.1,0.059,4.1
2026-05-26 20:45:00,carrusel-01,40.0,0.068,4.0
2026-05-26 21:00:00,carrusel-01,40.8,0.05,3.5
2026-05-26 21:15:00,carrusel-01,42.8,0.037,3.5
2026-05-26 21:30:00,carrusel-01,42.6,0.046,3.8
2026-05-26 21:45:00,carrusel-01,43.4,0.053,4.3
2026-05-26 22:00:00,carrusel-01,41.9,0.044,3.2
2026-05-26 22:15:00,carrusel-01,39.1,0.041,3.3
2026-05-26 22:30:00,carrusel-01,39.4,0.035,3.2
2026-05-26 22:45:00,carrusel-01,41.0,0.037,3.6
2026-05-26 23:00:00,carrusel-01,37.5,0.037,3.3
2026-05-26 23:15:00,carrusel-01,39.2,0.025,2.8
2026-05-26 23:30:00,carrusel-01,37.5,0.017,2.5
2026-05-26 23:45:00,carrusel-01,38.0,0.025,2.7
2026-05-27 00:00:00,carrusel-01,34.4,0.033,2.7
2026-05-27 00:15:00,carrusel-01,38.7,0.028,2.4
2026-05-27 00:30:00,carrusel-01,38.7,0.009,2.2
2026-05-27 00:45:00,carrusel-01,40.4,0.037,2.9
2026-05-27 01:00:00,carrusel-01,38.5,0.032,2.9
2026-05-27 01:15:00,carrusel-01,37.4,0.02,2.8
2026-05-27 01:30:00,carrusel-01,35.9,0.012,2.3
2026-05-27 01:45:00,carrusel-01,39.2,0.034,2.5
2026-05-27 02:00:00,carrusel-01,37.1,0.012,2.5
2026-05-27 02:15:00,carrusel-01,36.3,0.027,2.5
2026-05-27 02:30:00,carrusel-01,36.4,0.007,2.6
2026-05-27 02:45:00,carrusel-01,36.7,0.022,2.8
2026-05-27 03:00:00,carrusel-01,35.5,0.021,2.6
2026-05-27 03:15:00,carrusel-01,36.0,0.014,2.4
2026-05-27 03:30:00,carrusel-01,38.1,0.01,2.4
2026-05-27 03:45:00,carrusel-01,37.1,0.018,2.7
2026-05-27 04:00:00,carrusel-01,36.3,0.013,2.9
2026-05-27 04:15:00,carrusel-01,36.4,0.025,2.6
2026-05-27 04:30:00,carrusel-01,35.8,0.02,2.5
2026-05-27 04:45:00,carrusel-01,40.2,0.022,2.5
2026-05-27 05:00:00,carrusel-01,40.6,0.02,3.1
2026-05-27 05:15:00,carrusel-01,38.3,0.037,3.5
2026-05-27 05:30:00,carrusel-01,37.3,0.022,2.6
2026-05-27 05:45:00,carrusel-01,34.5,0.02,2.3
2026-05-27 06:00:00,carrusel-01,37.1,0.035,3.3
2026-05-27 06:15:00,carrusel-01,36.4,0.03,2.3
2026-05-27 06:30:00,carrusel-01,39.5,0.027,3.1
2026-05-27 06:45:00,carrusel-01,39.1,0.037,2.9
2026-05-27 07:00:00,carrusel-01,40.3,0.044,3.6
2026-05-27 07:15:00,carrusel-01,42.0,0.047,3.6
2026-05-27 07:30:00,carrusel-01,40.1,0.048,3.5
2026-05-27 07:45:00,carrusel-01,44.0,0.053,4.0
2026-05-27 08:00:00,carrusel-01,44.8,0.063,4.6
2026-05-27 08:15:00,carrusel-01,41.9,0.037,4.2
2026-05-27 08:30:00,carrusel-01,40.9,0.054,4.6
2026-05-27 08:45:00,carrusel-01,46.0,0.058,4.4
2026-05-27 09:00:00,carrusel-01,46.2,0.066,4.8
2026-05-27 09:15:00,carrusel-01,46.2,0.056,4.2
2026-05-27 09:30:00,carrusel-01,43.9,0.058,4.4
2026-05-27 09:45:00,carrusel-01,47.1,0.064,4.9
2026-05-27 10:00:00,carrusel-01,45.7,0.058,4.1
2026-05-27 10:15:00,carrusel-01,43.1,0.046,4.0
2026-05-27 10:30:00,carrusel-01,44.1,0.051,4.2
2026-05-27 10:45:00,carrusel-01,41.1,0.044,4.0
2026-05-27 11:00:00,carrusel-01,42.7,0.057,4.0
2026-05-27 11:15:00,carrusel-01,43.8,0.046,3.7
2026-05-27 11:30:00,carrusel-01,41.6,0.042,3.8
2026-05-27 11:45:00,carrusel-01,43.5,0.055,4.3
2026-05-27 12:00:00,carrusel-01,41.7,0.031,4.2
2026-05-27 12:15:00,carrusel-01,41.7,0.036,3.4
2026-05-27 12:30:00,carrusel-01,44.4,0.047,3.5
2026-05-27 12:45:00,carrusel-01,42.5,0.033,3.8
2026-05-27 13:00:00,carrusel-01,42.7,0.046,3.6
2026-05-27 13:15:00,carrusel-01,43.3,0.051,3.9
2026-05-27 13:30:00,carrusel-01,40.9,0.044,4.1
2026-05-27 13:45:00,carrusel-01,40.1,0.057,3.7
2026-05-27 14:00:00,carrusel-01,43.2,0.04,4.1
2026-05-27 14:15:00,carrusel-01,42.9,0.069,3.9
2026-05-27 14:30:00,carrusel-01,43.9,0.062,4.4
2026-05-27 14:45:00,carrusel-01,41.1,0.049,3.6
2026-05-27 15:00:00,carrusel-01,45.2,0.055,4.4
2026-05-27 15:15:00,carrusel-01,40.8,0.055,3.6
2026-05-27 15:30:00,carrusel-01,42.6,0.054,3.9
2026-05-27 15:45:00,carrusel-01,42.6,0.04,4.4
2026-05-27 16:00:00,carrusel-01,43.2,0.062,4.2
2026-05-27 16:15:00,carrusel-01,47.6,0.052,4.6
2026-05-27 16:30:00,carrusel-01,43.8,0.063,4.2
2026-05-27 16:45:00,carrusel-01,46.3,0.055,4.2
2026-05-27 17:00:00,carrusel-01,42.6,0.074,4.2
2026-05-27 17:15:00,carrusel-01,44.7,0.06,4.5
2026-05-27 17:30:00,carrusel-01,45.8,0.062,4.7
2026-05-27 17:45:00,carrusel-01,46.9,0.061,4.5
2026-05-27 18:00:00,carrusel-01,47.9,0.065,4.4
2026-05-27 18:15:00,carrusel-01,45.7,0.06,4.8
2026-05-27 18:30:00,carrusel-01,46.5,0.066,5.0
2026-05-27 18:45:00,carrusel-01,49.6,0.068,4.3
2026-05-27 19:00:00,carrusel-01,47.0,0.074,4.8
2026-05-27 19:15:00,carrusel-01,43.5,0.056,4.2
2026-05-27 19:30:00,carrusel-01,45.7,0.071,4.5
2026-05-27 19:45:00,carrusel-01,44.0,0.061,3.9
2026-05-27 20:00:00,carrusel-01,42.0,0.039,3.9
2026-05-27 20:15:00,carrusel-01,42.5,0.038,3.7
2026-05-27 20:30:00,carrusel-01,43.1,0.065,4.0
2026-05-27 20:45:00,carrusel-01,44.6,0.04,3.7
2026-05-27 21:00:00,carrusel-01,40.5,0.028,3.6
2026-05-27 21:15:00,carrusel-01,40.7,0.051,3.8
2026-05-27 21:30:00,carrusel-01,43.5,0.053,3.9
2026-05-27 21:45:00,carrusel-01,41.3,0.038,3.7
2026-05-27 22:00:00,carrusel-01,38.5,0.038,3.3
2026-05-27 22:15:00,carrusel-01,40.8,0.023,3.1
2026-05-27 22:30:00,carrusel-01,36.8,0.032,3.1
2026-05-27 22:45:00,carrusel-01,41.3,0.031,3.8
2026-05-27 23:00:00,carrusel-01,39.7,0.031,2.9
2026-05-27 23:15:00,carrusel-01,38.8,0.041,3.1
2026-05-27 23:30:00,carrusel-01,36.2,0.027,2.5
2026-05-27 23:45:00,carrusel-01,37.3,0.023,2.5
2026-05-28 00:00:00,carrusel-01,36.9,0.017,2.2
2026-05-28 00:15:00,carrusel-01,39.6,0.04,2.7
2026-05-28 00:30:00,carrusel-01,36.6,0.012,2.6
2026-05-28 00:45:00,carrusel-01,39.0,0.025,2.8
2026-05-28 01:00:00,carrusel-01,35.0,0.018,2.6
2026-05-28 01:15:00,carrusel-01,36.5,0.038,2.8
2026-05-28 01:30:00,carrusel-01,36.6,0.007,3.0
2026-05-28 01:45:00,carrusel-01,37.2,0.027,2.9
2026-05-28 02:00:00,carrusel-01,35.4,0.026,2.2
2026-05-28 02:15:00,carrusel-01,35.9,0.03,2.8
2026-05-28 02:30:00,carrusel-01,37.4,0.014,2.3
2026-05-28 02:45:00,carrusel-01,37.4,0.012,2.5
2026-05-28 03:00:00,carrusel-01,38.3,0.028,2.7
2026-05-28 03:15:00,carrusel-01,36.1,0.011,1.9
2026-05-28 03:30:00,carrusel-01,38.6,0.007,2.6
2026-05-28 03:45:00,carrusel-01,40.0,0.026,2.7
2026-05-28 04:00:00,carrusel-01,37.6,0.015,2.3
2026-05-28 04:15:00,carrusel-01,34.9,0.021,2.8
2026-05-28 04:30:00,carrusel-01,37.2,0.024,2.5
2026-05-28 04:45:00,carrusel-01,37.4,0.025,3.5
2026-05-28 05:00:00,carrusel-01,36.6,0.023,3.0
2026-05-28 05:15:00,carrusel-01,35.8,0.034,2.7
2026-05-28 05:30:00,carrusel-01,40.3,0.029,3.4
2026-05-28 05:45:00,carrusel-01,38.5,0.03,2.6
2026-05-28 06:00:00,carrusel-01,38.7,0.024,2.7
2026-05-28 06:15:00,carrusel-01,38.0,0.043,2.6
2026-05-28 06:30:00,carrusel-01,40.7,0.032,3.2
2026-05-28 06:45:00,carrusel-01,38.0,0.025,3.0
2026-05-28 07:00:00,carrusel-01,45.1,0.05,3.8
2026-05-28 07:15:00,carrusel-01,41.6,0.048,3.7
2026-05-28 07:30:00,carrusel-01,43.6,0.037,4.0
2026-05-28 07:45:00,carrusel-01,41.9,0.028,3.6
2026-05-28 08:00:00,carrusel-01,45.0,0.05,4.3
2026-05-28 08:15:00,carrusel-01,45.7,0.056,4.3
2026-05-28 08:30:00,carrusel-01,42.4,0.064,4.0
2026-05-28 08:45:00,carrusel-01,46.8,0.065,4.3
2026-05-28 09:00:00,carrusel-01,45.0,0.05,4.4
2026-05-28 09:15:00,carrusel-01,44.9,0.048,4.1
2026-05-28 09:30:00,carrusel-01,44.7,0.062,4.3
2026-05-28 09:45:00,carrusel-01,44.9,0.065,5.1
2026-05-28 10:00:00,carrusel-01,42.7,0.055,4.1
2026-05-28 10:15:00,carrusel-01,45.6,0.063,4.6
2026-05-28 10:30:00,carrusel-01,44.7,0.063,4.8
2026-05-28 10:45:00,carrusel-01,42.3,0.06,4.0
2026-05-28 11:00:00,carrusel-01,41.5,0.034,3.4
2026-05-28 11:15:00,carrusel-01,43.7,0.057,4.0
2026-05-28 11:30:00,carrusel-01,43.2,0.057,4.2
2026-05-28 11:45:00,carrusel-01,43.3,0.041,3.9
2026-05-28 12:00:00,carrusel-01,45.7,0.049,4.0
2026-05-28 12:15:00,carrusel-01,43.1,0.058,3.7
2026-05-28 12:30:00,carrusel-01,40.7,0.053,4.1
2026-05-28 12:45:00,carrusel-01,43.3,0.052,4.3
2026-05-28 13:00:00,carrusel-01,42.3,0.053,3.9
2026-05-28 13:15:00,carrusel-01,44.7,0.03,4.2
2026-05-28 13:30:00,carrusel-01,39.8,0.049,4.0
2026-05-28 13:45:00,carrusel-01,43.1,0.058,4.0
2026-05-28 14:00:00,carrusel-01,44.4,0.052,3.7
2026-05-28 14:15:00,carrusel-01,41.0,0.062,3.7
2026-05-28 14:30:00,carrusel-01,42.7,0.045,4.1
2026-05-28 14:45:00,carrusel-01,42.2,0.039,3.5
2026-05-28 15:00:00,carrusel-01,42.0,0.042,3.6
2026-05-28 15:15:00,carrusel-01,41.9,0.033,3.9
2026-05-28 15:30:00,carrusel-01,40.3,0.043,3.6
2026-05-28 15:45:00,carrusel-01,45.1,0.036,4.1
2026-05-28 16:00:00,carrusel-01,44.3,0.053,3.9
2026-05-28 16:15:00,carrusel-01,42.5,0.06,4.1
2026-05-28 16:30:00,carrusel-01,44.9,0.052,4.1
2026-05-28 16:45:00,carrusel-01,40.1,0.047,3.9
2026-05-28 17:00:00,carrusel-01,46.1,0.054,4.4
2026-05-28 17:15:00,carrusel-01,47.6,0.062,4.5
2026-05-28 17:30:00,carrusel-01,42.6,0.05,3.9
2026-05-28 17:45:00,carrusel-01,45.1,0.056,4.2
2026-05-28 18:00:00,carrusel-01,47.0,0.055,5.0
2026-05-28 18:15:00,carrusel-01,46.5,0.069,4.7
2026-05-28 18:30:00,carrusel-01,46.8,0.059,4.8
2026-05-28 18:45:00,carrusel-01,45.1,0.057,4.3
2026-05-28 19:00:00,carrusel-01,42.7,0.053,4.4
2026-05-28 19:15:00,carrusel-01,43.8,0.068,4.2
2026-05-28 19:30:00,carrusel-01,47.0,0.059,5.0
2026-05-28 19:45:00,carrusel-01,44.6,0.059,3.9
2026-05-28 20:00:00,carrusel-01,43.2,0.054,4.1
2026-05-28 20:15:00,carrusel-01,43.0,0.051,3.4
2026-05-28 20:30:00,carrusel-01,41.5,0.06,4.3
2026-05-28 20:45:00,carrusel-01,41.5,0.036,3.7
2026-05-28 21:00:00,carrusel-01,41.4,0.049,3.7
2026-05-28 21:15:00,carrusel-01,40.2,0.025,3.3
2026-05-28 21:30:00,carrusel-01,43.9,0.035,3.6
2026-05-28 21:45:00,carrusel-01,40.8,0.032,3.5
2026-05-28 22:00:00,carrusel-01,39.0,0.037,3.1
2026-05-28 22:15:00,carrusel-01,38.9,0.032,3.1
2026-05-28 22:30:00,carrusel-01,40.9,0.037,3.1
2026-05-28 22:45:00,carrusel-01,40.1,0.048,3.5
2026-05-28 23:00:00,carrusel-01,38.0,0.014,2.6
2026-05-28 23:15:00,carrusel-01,37.7,0.04,3.3
2026-05-28 23:30:00,carrusel-01,39.6,0.018,3.0
2026-05-28 23:45:00,carrusel-01,36.8,0.025,2.7
2026-05-29 00:00:00,carrusel-01,36.9,0.011,2.5
2026-05-29 00:15:00,carrusel-01,37.9,0.012,3.1
2026-05-29 00:30:00,carrusel-01,39.9,0.016,2.9
2026-05-29 00:45:00,carrusel-01,35.9,0.041,2.2
2026-05-29 01:00:00,carrusel-01,38.1,0.035,2.8
2026-05-29 01:15:00,carrusel-01,37.0,0.028,2.7
2026-05-29 01:30:00,carrusel-01,37.1,0.029,2.8
2026-05-29 01:45:00,carrusel-01,37.4,0.012,3.1
2026-05-29 02:00:00,carrusel-01,35.2,0.015,2.8
2026-05-29 02:15:00,carrusel-01,39.8,0.028,2.5
2026-05-29 02:30:00,carrusel-01,36.3,0.024,2.6
2026-05-29 02:45:00,carrusel-01,37.6,0.025,2.8
2026-05-29 03:00:00,carrusel-01,37.4,0.025,1.9
2026-05-29 03:15:00,carrusel-01,37.7,0.026,2.7
2026-05-29 03:30:00,carrusel-01,38.6,0.02,2.9
2026-05-29 03:45:00,carrusel-01,34.3,0.015,2.7
2026-05-29 04:00:00,carrusel-01,38.1,0.032,2.9
2026-05-29 04:15:00,carrusel-01,36.5,0.026,2.7
2026-05-29 04:30:00,carrusel-01,38.3,0.029,3.0
2026-05-29 04:45:00,carrusel-01,34.9,0.019,2.4
2026-05-29 05:00:00,carrusel-01,35.8,0.014,2.4
2026-05-29 05:15:00,carrusel-01,36.3,0.02,2.3
2026-05-29 05:30:00,carrusel-01,38.6,0.013,2.7
2026-05-29 05:45:00,carrusel-01,34.9,0.027,2.5
2026-05-29 06:00:00,carrusel-01,35.1,0.031,2.6
2026-05-29 06:15:00,carrusel-01,39.3,0.043,2.9
2026-05-29 06:30:00,carrusel-01,36.2,0.034,2.7
2026-05-29 06:45:00,carrusel-01,38.4,0.039,2.9
2026-05-29 07:00:00,carrusel-01,42.6,0.053,4.3
2026-05-29 07:15:00,carrusel-01,41.4,0.045,3.4
2026-05-29 07:30:00,carrusel-01,40.0,0.035,3.5
2026-05-29 07:45:00,carrusel-01,41.8,0.039,3.4
2026-05-29 08:00:00,carrusel-01,45.2,0.064,4.2
2026-05-29 08:15:00,carrusel-01,43.1,0.04,3.9
2026-05-29 08:30:00,carrusel-01,44.5,0.053,4.1
2026-05-29 08:45:00,carrusel-01,44.8,0.061,4.4
2026-05-29 09:00:00,carrusel-01,44.3,0.038,4.3
2026-05-29 09:15:00,carrusel-01,47.6,0.071,4.9
2026-05-29 09:30:00,carrusel-01,45.2,0.053,4.3
2026-05-29 09:45:00,carrusel-01,63.06220024981879,0.12231601286607963,4.3
2026-05-29 10:00:00,carrusel-01,44.2,0.04,3.6
2026-05-29 10:15:00,carrusel-01,42.0,0.047,4.0
2026-05-29 10:30:00,carrusel-01,45.2,0.054,4.1
2026-05-29 10:45:00,carrusel-01,43.6,0.066,4.4
2026-05-29 11:00:00,carrusel-01,42.2,0.039,4.2
2026-05-29 11:15:00,carrusel-01,42.4,0.044,4.3
2026-05-29 11:30:00,carrusel-01,44.0,0.038,3.9
2026-05-29 11:45:00,carrusel-01,42.7,0.041,3.7
2026-05-29 12:00:00,carrusel-01,42.3,0.057,4.0
2026-05-29 12:15:00,carrusel-01,42.3,0.031,4.0
2026-05-29 12:30:00,carrusel-01,45.9,0.057,4.3
2026-05-29 12:45:00,carrusel-01,44.2,0.042,4.3
2026-05-29 13:00:00,carrusel-01,44.4,0.055,4.1
2026-05-29 13:15:00,carrusel-01,44.2,0.048,3.9
2026-05-29 13:30:00,carrusel-01,43.9,0.035,3.5
2026-05-29 13:45:00,carrusel-01,43.6,0.053,4.1
2026-05-29 14:00:00,carrusel-01,43.8,0.032,3.6
2026-05-29 14:15:00,carrusel-01,40.0,0.044,4.1
2026-05-29 14:30:00,carrusel-01,42.3,0.035,3.6
2026-05-29 14:45:00,carrusel-01,41.6,0.055,3.9
2026-05-29 15:00:00,carrusel-01,42.3,0.049,4.0
2026-05-29 15:15:00,carrusel-01,42.3,0.045,3.8
2026-05-29 15:30:00,carrusel-01,42.6,0.053,3.7
2026-05-29 15:45:00,carrusel-01,42.2,0.038,4.2
2026-05-29 16:00:00,carrusel-01,42.2,0.061,3.8
2026-05-29 16:15:00,carrusel-01,43.1,0.05,4.3
2026-05-29 16:30:00,carrusel-01,43.8,0.034,3.7
2026-05-29 16:45:00,carrusel-01,44.2,0.038,4.2
2026-05-29 17:00:00,carrusel-01,46.4,0.072,4.9
2026-05-29 17:15:00,carrusel-01,46.5,0.059,4.8
2026-05-29 17:30:00,carrusel-01,46.3,0.07,4.4
2026-05-29 17:45:00,carrusel-01,45.6,0.069,4.4
2026-05-29 18:00:00,carrusel-01,46.5,0.054,4.8
2026-05-29 18:15:00,carrusel-01,46.0,0.06,4.7
2026-05-29 18:30:00,carrusel-01,44.9,0.074,4.3
2026-05-29 18:45:00,carrusel-01,44.2,0.063,4.3
2026-05-29 19:00:00,carrusel-01,46.6,0.069,4.3
2026-05-29 19:15:00,carrusel-01,44.7,0.046,4.2
2026-05-29 19:30:00,carrusel-01,44.6,0.042,4.2
2026-05-29 19:45:00,carrusel-01,43.9,0.054,4.5
2026-05-29 20:00:00,carrusel-01,44.2,0.067,3.7
2026-05-29 20:15:00,carrusel-01,43.6,0.044,3.8
2026-05-29 20:30:00,carrusel-01,43.1,0.044,4.1
2026-05-29 20:45:00,carrusel-01,42.0,0.035,3.8
2026-05-29 21:00:00,carrusel-01,41.5,0.024,3.8
2026-05-29 21:15:00,carrusel-01,41.0,0.049,3.2
2026-05-29 21:30:00,carrusel-01,43.4,0.031,3.8
2026-05-29 21:45:00,carrusel-01,40.4,0.042,3.3
2026-05-29 22:00:00,carrusel-01,39.0,0.024,2.9
2026-05-29 22:15:00,carrusel-01,39.1,0.044,3.5
2026-05-29 22:30:00,carrusel-01,36.7,0.036,2.6
2026-05-29 22:45:00,carrusel-01,39.6,0.039,3.1
2026-05-29 23:00:00,carrusel-01,39.2,0.04,3.0
2026-05-29 23:15:00,carrusel-01,36.5,0.02,2.9
2026-05-29 23:30:00,carrusel-01,39.2,0.031,2.5
2026-05-29 23:45:00,carrusel-01,37.8,0.029,3.2
2026-05-30 00:00:00,carrusel-01,42.7,0.037,3.1
2026-05-30 00:15:00,carrusel-01,38.6,0.024,3.2
2026-05-30 00:30:00,carrusel-01,38.1,0.032,2.9
2026-05-30 00:45:00,carrusel-01,36.8,0.022,2.6
2026-05-30 01:00:00,carrusel-01,38.4,0.03,3.1
2026-05-30 01:15:00,carrusel-01,36.8,0.011,2.4
2026-05-30 01:30:00,carrusel-01,38.5,0.024,2.8
2026-05-30 01:45:00,carrusel-01,35.6,0.027,2.6
2026-05-30 02:00:00,carrusel-01,37.6,0.026,2.7
2026-05-30 02:15:00,carrusel-01,38.0,0.03,2.7
2026-05-30 02:30:00,carrusel-01,37.3,0.016,2.3
2026-05-30 02:45:00,carrusel-01,37.0,0.035,2.9
2026-05-30 03:00:00,carrusel-01,35.9,0.036,2.9
2026-05-30 03:15:00,carrusel-01,36.2,0.006,2.6
2026-05-30 03:30:00,carrusel-01,34.4,0.008,2.7
2026-05-30 03:45:00,carrusel-01,37.8,0.016,2.2
2026-05-30 04:00:00,carrusel-01,37.5,0.019,2.4
2026-05-30 04:15:00,carrusel-01,36.6,0.029,2.8
2026-05-30 04:30:00,carrusel-01,34.4,0.017,2.6
2026-05-30 04:45:00,carrusel-01,34.9,0.023,2.5
2026-05-30 05:00:00,carrusel-01,36.6,0.024,2.6
2026-05-30 05:15:00,carrusel-01,38.7,0.011,2.6
2026-05-30 05:30:00,carrusel-01,35.2,0.019,2.2
2026-05-30 05:45:00,carrusel-01,34.8,0.022,2.5
2026-05-30 06:00:00,carrusel-01,37.7,0.022,2.8
2026-05-30 06:15:00,carrusel-01,40.6,0.022,3.3
2026-05-30 06:30:00,carrusel-01,37.6,0.039,3.4
2026-05-30 06:45:00,carrusel-01,45.42004391528645,0.09644395458296379,2.6
2026-05-30 07:00:00,carrusel-01,40.9,0.042,3.2
2026-05-30 07:15:00,carrusel-01,41.9,0.037,3.4
2026-05-30 07:30:00,carrusel-01,39.6,0.037,3.1
2026-05-30 07:45:00,carrusel-01,40.1,0.043,3.2
2026-05-30 08:00:00,carrusel-01,41.8,0.047,3.7
2026-05-30 08:15:00,carrusel-01,43.0,0.042,3.4
2026-05-30 08:30:00,carrusel-01,45.2,0.041,4.2
2026-05-30 08:45:00,carrusel-01,42.3,0.047,3.7
2026-05-30 09:00:00,carrusel-01,41.2,0.038,3.6
2026-05-30 09:15:00,carrusel-01,41.1,0.05,4.0
2026-05-30 09:30:00,carrusel-01,42.3,0.049,3.8
2026-05-30 09:45:00,carrusel-01,42.9,0.049,3.5
2026-05-30 10:00:00,carrusel-01,43.1,0.039,3.8
2026-05-30 10:15:00,carrusel-01,41.7,0.054,4.2
2026-05-30 10:30:00,carrusel-01,38.8,0.041,3.6
2026-05-30 10:45:00,carrusel-01,43.7,0.034,3.9
2026-05-30 11:00:00,carrusel-01,42.6,0.055,3.3
2026-05-30 11:15:00,carrusel-01,41.5,0.036,3.4
2026-05-30 11:30:00,carrusel-01,38.2,0.039,3.3
2026-05-30 11:45:00,carrusel-01,42.2,0.029,3.6
2026-05-30 12:00:00,carrusel-01,40.2,0.045,3.5
2026-05-30 12:15:00,carrusel-01,43.2,0.042,3.6
2026-05-30 12:30:00,carrusel-01,39.5,0.062,3.7
2026-05-30 12:45:00,carrusel-01,38.9,0.043,3.5
2026-05-30 13:00:00,carrusel-01,40.2,0.038,3.5
2026-05-30 13:15:00,carrusel-01,37.8,0.037,3.3
2026-05-30 13:30:00,carrusel-01,44.1,0.042,3.4
2026-05-30 13:45:00,carrusel-01,42.6,0.048,3.9
2026-05-30 14:00:00,carrusel-01,40.6,0.049,3.6
2026-05-30 14:15:00,carrusel-01,39.4,0.035,3.4
2026-05-30 14:30:00,carrusel-01,41.6,0.029,3.4
2026-05-30 14:45:00,carrusel-01,39.0,0.037,3.4
2026-05-30 15:00:00,carrusel-01,42.5,0.034,3.6
2026-05-30 15:15:00,carrusel-01,44.5,0.032,3.4
2026-05-30 15:30:00,carrusel-01,42.5,0.038,3.9
2026-05-30 15:45:00,carrusel-01,39.0,0.035,3.3
2026-05-30 16:00:00,carrusel-01,40.6,0.031,3.5
2026-05-30 16:15:00,carrusel-01,40.0,0.031,3.6
2026-05-30 16:30:00,carrusel-01,41.7,0.045,3.5
2026-05-30 16:45:00,carrusel-01,41.9,0.066,3.5
2026-05-30 17:00:00,carrusel-01,44.7,0.053,4.4
2026-05-30 17:15:00,carrusel-01,44.0,0.051,4.3
2026-05-30 17:30:00,carrusel-01,42.7,0.041,4.0
2026-05-30 17:45:00,carrusel-01,41.9,0.055,3.7
2026-05-30 18:00:00,carrusel-01,43.6,0.058,3.6
2026-05-30 18:15:00,carrusel-01,42.3,0.055,3.7
2026-05-30 18:30:00,carrusel-01,42.7,0.04,3.5
2026-05-30 18:45:00,carrusel-01,41.8,0.04,3.3
2026-05-30 19:00:00,carrusel-01,45.0,0.056,3.8
2026-05-30 19:15:00,carrusel-01,42.0,0.05,3.9
2026-05-30 19:30:00,carrusel-01,42.1,0.049,4.0
2026-05-30 19:45:00,carrusel-01,44.4,0.052,4.3
2026-05-30 20:00:00,carrusel-01,39.5,0.05,3.6
2026-05-30 20:15:00,carrusel-01,39.9,0.041,3.5
2026-05-30 20:30:00,carrusel-01,40.9,0.052,3.7
2026-05-30 20:45:00,carrusel-01,41.6,0.03,3.5
2026-05-30 21:00:00,carrusel-01,40.2,0.032,3.3
2026-05-30 21:15:00,carrusel-01,38.1,0.03,2.8
2026-05-30 21:30:00,carrusel-01,40.1,0.025,3.4
2026-05-30 21:45:00,carrusel-01,41.7,0.033,3.6
2026-05-30 22:00:00,carrusel-01,38.6,0.028,2.9
2026-05-30 22:15:00,carrusel-01,36.4,0.031,2.6
2026-05-30 22:30:00,carrusel-01,37.4,0.039,2.9
2026-05-30 22:45:00,carrusel-01,39.8,0.027,3.2
2026-05-30 23:00:00,carrusel-01,36.9,0.018,2.4
2026-05-30 23:15:00,carrusel-01,35.6,0.027,2.8
2026-05-30 23:30:00,carrusel-01,37.1,0.024,3.0
2026-05-30 23:45:00,carrusel-01,37.9,0.03,2.5
2026-05-24 00:00:00,carrusel-02,38.2,0.018,2.8
2026-05-24 00:15:00,carrusel-02,35.8,0.023,2.8
2026-05-24 00:30:00,carrusel-02,35.9,0.031,3.1
2026-05-24 00:45:00,carrusel-02,38.8,0.042,3.0
2026-05-24 01:00:00,carrusel-02,37.3,0.021,2.5
2026-05-24 01:15:00,carrusel-02,37.9,0.013,2.8
2026-05-24 01:30:00,carrusel-02,34.3,0.023,2.1
2026-05-24 01:45:00,carrusel-02,38.6,0.022,2.8
2026-05-24 02:00:00,carrusel-02,36.9,0.018,3.1
2026-05-24 02:15:00,carrusel-02,37.5,0.034,3.1
2026-05-24 02:30:00,carrusel-02,35.4,0.03,2.8
2026-05-24 02:45:00,carrusel-02,34.9,0.036,2.4
2026-05-24 03:00:00,carrusel-02,36.4,0.032,2.7
2026-05-24 03:15:00,carrusel-02,36.6,0.02,2.6
2026-05-24 03:30:00,carrusel-02,35.6,0.022,2.3
2026-05-24 03:45:00,carrusel-02,35.8,0.034,2.8
2026-05-24 04:00:00,carrusel-02,35.8,0.019,2.4
2026-05-24 04:15:00,carrusel-02,35.1,0.011,2.6
2026-05-24 04:30:00,carrusel-02,36.5,0.033,2.7
2026-05-24 04:45:00,carrusel-02,37.0,0.02,2.6
2026-05-24 05:00:00,carrusel-02,35.8,0.018,2.4
2026-05-24 05:15:00,carrusel-02,34.1,0.016,2.4
2026-05-24 05:30:00,carrusel-02,35.7,0.02,2.6
2026-05-24 05:45:00,carrusel-02,36.7,0.017,2.6
2026-05-24 06:00:00,carrusel-02,35.6,0.014,2.2
2026-05-24 06:15:00,carrusel-02,36.2,0.025,2.4
2026-05-24 06:30:00,carrusel-02,34.9,0.02,2.3
2026-05-24 06:45:00,carrusel-02,35.4,0.023,2.9
2026-05-24 07:00:00,carrusel-02,40.7,0.029,2.6
2026-05-24 07:15:00,carrusel-02,35.4,0.026,2.6
2026-05-24 07:30:00,carrusel-02,38.3,0.032,3.0
2026-05-24 07:45:00,carrusel-02,38.6,0.047,3.3
2026-05-24 08:00:00,carrusel-02,40.9,0.042,3.1
2026-05-24 08:15:00,carrusel-02,40.0,0.032,2.8
2026-05-24 08:30:00,carrusel-02,41.0,0.042,3.1
2026-05-24 08:45:00,carrusel-02,40.1,0.025,3.3
2026-05-24 09:00:00,carrusel-02,40.2,0.037,3.4
2026-05-24 09:15:00,carrusel-02,44.0,0.063,3.7
2026-05-24 09:30:00,carrusel-02,38.7,0.051,3.2
2026-05-24 09:45:00,carrusel-02,39.2,0.034,3.3
2026-05-24 10:00:00,carrusel-02,38.4,0.028,3.3
2026-05-24 10:15:00,carrusel-02,39.3,0.042,3.0
2026-05-24 10:30:00,carrusel-02,38.7,0.042,3.2
2026-05-24 10:45:00,carrusel-02,39.6,0.024,3.3
2026-05-24 11:00:00,carrusel-02,38.6,0.026,2.9
2026-05-24 11:15:00,carrusel-02,40.5,0.027,3.2
2026-05-24 11:30:00,carrusel-02,36.8,0.026,2.6
2026-05-24 11:45:00,carrusel-02,36.7,0.029,2.8
2026-05-24 12:00:00,carrusel-02,35.0,0.021,2.9
2026-05-24 12:15:00,carrusel-02,35.4,0.016,2.8
2026-05-24 12:30:00,carrusel-02,39.5,0.034,2.7
2026-05-24 12:45:00,carrusel-02,39.3,0.037,3.9
2026-05-24 13:00:00,carrusel-02,39.6,0.024,2.9
2026-05-24 13:15:00,carrusel-02,38.5,0.028,3.2
2026-05-24 13:30:00,carrusel-02,38.4,0.023,2.6
2026-05-24 13:45:00,carrusel-02,40.5,0.028,3.2
2026-05-24 14:00:00,carrusel-02,38.4,0.032,3.2
2026-05-24 14:15:00,carrusel-02,39.8,0.033,3.4
2026-05-24 14:30:00,carrusel-02,38.4,0.025,2.8
2026-05-24 14:45:00,carrusel-02,39.3,0.032,3.2
2026-05-24 15:00:00,carrusel-02,41.7,0.046,3.3
2026-05-24 15:15:00,carrusel-02,38.6,0.033,3.1
2026-05-24 15:30:00,carrusel-02,37.2,0.013,2.7
2026-05-24 15:45:00,carrusel-02,38.4,0.038,3.1
2026-05-24 16:00:00,carrusel-02,37.6,0.033,2.5
2026-05-24 16:15:00,carrusel-02,37.0,0.042,3.3
2026-05-24 16:30:00,carrusel-02,40.8,0.025,3.5
2026-05-24 16:45:00,carrusel-02,40.2,0.048,3.2
2026-05-24 17:00:00,carrusel-02,38.3,0.028,2.9
2026-05-24 17:15:00,carrusel-02,40.2,0.042,3.3
2026-05-24 17:30:00,carrusel-02,39.3,0.017,3.1
2026-05-24 17:45:00,carrusel-02,41.4,0.04,3.1
2026-05-24 18:00:00,carrusel-02,39.5,0.043,3.5
2026-05-24 18:15:00,carrusel-02,42.0,0.045,3.5
2026-05-24 18:30:00,carrusel-02,37.8,0.032,3.1
2026-05-24 18:45:00,carrusel-02,41.9,0.045,3.2
2026-05-24 19:00:00,carrusel-02,40.2,0.031,3.5
2026-05-24 19:15:00,carrusel-02,39.0,0.041,3.4
2026-05-24 19:30:00,carrusel-02,36.5,0.023,3.2
2026-05-24 19:45:00,carrusel-02,38.9,0.043,3.1
2026-05-24 20:00:00,carrusel-02,38.4,0.032,3.4
2026-05-24 20:15:00,carrusel-02,35.8,0.022,3.0
2026-05-24 20:30:00,carrusel-02,34.1,0.023,2.9
2026-05-24 20:45:00,carrusel-02,39.9,0.035,3.7
2026-05-24 21:00:00,carrusel-02,35.5,0.022,2.6
2026-05-24 21:15:00,carrusel-02,37.5,0.006,2.7
2026-05-24 21:30:00,carrusel-02,37.8,0.033,3.2
2026-05-24 21:45:00,carrusel-02,37.7,0.019,2.8
2026-05-24 22:00:00,carrusel-02,37.7,0.022,2.9
2026-05-24 22:15:00,carrusel-02,35.0,0.036,2.7
2026-05-24 22:30:00,carrusel-02,38.9,0.015,2.7
2026-05-24 22:45:00,carrusel-02,36.6,0.04,2.6
2026-05-24 23:00:00,carrusel-02,36.2,0.01,2.4
2026-05-24 23:15:00,carrusel-02,37.1,0.026,2.7
2026-05-24 23:30:00,carrusel-02,36.4,0.034,2.5
2026-05-24 23:45:00,carrusel-02,38.3,0.016,3.2
2026-05-25 00:00:00,carrusel-02,39.5,0.02,3.2
2026-05-25 00:15:00,carrusel-02,38.2,0.028,2.8
2026-05-25 00:30:00,carrusel-02,37.7,0.011,2.6
2026-05-25 00:45:00,carrusel-02,36.4,0.02,2.7
2026-05-25 01:00:00,carrusel-02,36.2,0.005,2.7
2026-05-25 01:15:00,carrusel-02,36.5,0.013,2.8
2026-05-25 01:30:00,carrusel-02,38.2,0.025,2.9
2026-05-25 01:45:00,carrusel-02,37.0,0.033,2.7
2026-05-25 02:00:00,carrusel-02,36.4,0.01,2.6
2026-05-25 02:15:00,carrusel-02,33.8,0.011,2.4
2026-05-25 02:30:00,carrusel-02,34.5,0.023,2.6
2026-05-25 02:45:00,carrusel-02,35.1,0.028,2.8
2026-05-25 03:00:00,carrusel-02,35.3,0.024,2.4
2026-05-25 03:15:00,carrusel-02,36.9,0.005,2.8
2026-05-25 03:30:00,carrusel-02,35.5,0.019,2.5
2026-05-25 03:45:00,carrusel-02,37.8,0.02,2.6
2026-05-25 04:00:00,carrusel-02,36.3,0.03,2.8
2026-05-25 04:15:00,carrusel-02,34.9,0.025,2.7
2026-05-25 04:30:00,carrusel-02,38.1,0.021,2.7
2026-05-25 04:45:00,carrusel-02,34.9,0.027,2.4
2026-05-25 05:00:00,carrusel-02,35.6,0.012,2.2
2026-05-25 05:15:00,carrusel-02,36.1,0.031,2.6
2026-05-25 05:30:00,carrusel-02,36.5,0.016,2.4
2026-05-25 05:45:00,carrusel-02,33.9,0.017,2.5
2026-05-25 06:00:00,carrusel-02,37.0,0.019,2.9
2026-05-25 06:15:00,carrusel-02,36.9,0.012,2.3
2026-05-25 06:30:00,carrusel-02,35.4,0.028,2.6
2026-05-25 06:45:00,carrusel-02,38.1,0.017,2.7
2026-05-25 07:00:00,carrusel-02,40.6,0.023,3.3
2026-05-25 07:15:00,carrusel-02,41.2,0.029,3.3
2026-05-25 07:30:00,carrusel-02,39.8,0.026,3.1
2026-05-25 07:45:00,carrusel-02,36.7,0.03,3.2
2026-05-25 08:00:00,carrusel-02,41.0,0.041,3.7
2026-05-25 08:15:00,carrusel-02,39.7,0.033,3.6
2026-05-25 08:30:00,carrusel-02,42.5,0.054,3.5
2026-05-25 08:45:00,carrusel-02,43.8,0.051,4.1
2026-05-25 09:00:00,carrusel-02,39.9,0.033,3.6
2026-05-25 09:15:00,carrusel-02,41.4,0.05,3.6
2026-05-25 09:30:00,carrusel-02,40.8,0.038,4.0
2026-05-25 09:45:00,carrusel-02,42.0,0.042,3.3
2026-05-25 10:00:00,carrusel-02,41.3,0.022,3.2
2026-05-25 10:15:00,carrusel-02,40.5,0.046,3.9
2026-05-25 10:30:00,carrusel-02,43.9,0.025,3.6
2026-05-25 10:45:00,carrusel-02,41.4,0.042,3.3
2026-05-25 11:00:00,carrusel-02,38.3,0.044,3.5
2026-05-25 11:15:00,carrusel-02,41.8,0.042,3.5
2026-05-25 11:30:00,carrusel-02,38.1,0.042,3.4
2026-05-25 11:45:00,carrusel-02,40.6,0.032,3.7
2026-05-25 12:00:00,carrusel-02,42.8,0.032,3.4
2026-05-25 12:15:00,carrusel-02,41.3,0.037,3.3
2026-05-25 12:30:00,carrusel-02,41.4,0.031,3.7
2026-05-25 12:45:00,carrusel-02,40.7,0.039,3.5
2026-05-25 13:00:00,carrusel-02,39.0,0.015,3.3
2026-05-25 13:15:00,carrusel-02,40.8,0.03,3.1
2026-05-25 13:30:00,carrusel-02,38.7,0.044,2.6
2026-05-25 13:45:00,carrusel-02,40.9,0.029,3.2
2026-05-25 14:00:00,carrusel-02,39.4,0.03,3.7
2026-05-25 14:15:00,carrusel-02,39.4,0.04,3.2
2026-05-25 14:30:00,carrusel-02,41.8,0.043,3.5
2026-05-25 14:45:00,carrusel-02,40.5,0.029,3.5
2026-05-25 15:00:00,carrusel-02,40.8,0.042,3.8
2026-05-25 15:15:00,carrusel-02,39.3,0.048,3.9
2026-05-25 15:30:00,carrusel-02,39.4,0.026,3.5
2026-05-25 15:45:00,carrusel-02,41.1,0.039,3.3
2026-05-25 16:00:00,carrusel-02,40.0,0.04,2.8
2026-05-25 16:15:00,carrusel-02,42.7,0.056,3.5
2026-05-25 16:30:00,carrusel-02,38.8,0.037,3.5
2026-05-25 16:45:00,carrusel-02,40.2,0.031,3.7
2026-05-25 17:00:00,carrusel-02,42.5,0.036,3.8
2026-05-25 17:15:00,carrusel-02,41.8,0.041,3.7
2026-05-25 17:30:00,carrusel-02,42.1,0.04,3.7
2026-05-25 17:45:00,carrusel-02,39.4,0.049,3.6
2026-05-25 18:00:00,carrusel-02,38.5,0.024,3.2
2026-05-25 18:15:00,carrusel-02,42.8,0.035,3.5
2026-05-25 18:30:00,carrusel-02,42.2,0.044,3.5
2026-05-25 18:45:00,carrusel-02,45.7,0.038,3.9
2026-05-25 19:00:00,carrusel-02,39.3,0.043,3.3
2026-05-25 19:15:00,carrusel-02,44.9,0.053,4.3
2026-05-25 19:30:00,carrusel-02,41.3,0.038,3.8
2026-05-25 19:45:00,carrusel-02,42.2,0.032,3.6
2026-05-25 20:00:00,carrusel-02,40.4,0.055,3.2
2026-05-25 20:15:00,carrusel-02,42.3,0.057,3.4
2026-05-25 20:30:00,carrusel-02,41.2,0.04,3.4
2026-05-25 20:45:00,carrusel-02,37.5,0.044,3.5
2026-05-25 21:00:00,carrusel-02,52.63239080790259,0.1125193823719149,3.0
2026-05-25 21:15:00,carrusel-02,39.5,0.034,3.4
2026-05-25 21:30:00,carrusel-02,39.2,0.022,3.0
2026-05-25 21:45:00,carrusel-02,38.9,0.036,3.2
2026-05-25 22:00:00,carrusel-02,37.3,0.022,2.8
2026-05-25 22:15:00,carrusel-02,38.8,0.03,3.1
2026-05-25 22:30:00,carrusel-02,38.9,0.051,3.3
2026-05-25 22:45:00,carrusel-02,37.5,0.022,3.2
2026-05-25 23:00:00,carrusel-02,36.8,0.027,3.1
2026-05-25 23:15:00,carrusel-02,36.1,0.025,2.7
2026-05-25 23:30:00,carrusel-02,35.5,0.016,2.2
2026-05-25 23:45:00,carrusel-02,36.8,0.003,3.2
2026-05-26 00:00:00,carrusel-02,37.0,0.026,2.6
2026-05-26 00:15:00,carrusel-02,39.8,0.028,3.0
2026-05-26 00:30:00,carrusel-02,35.9,0.023,2.8
2026-05-26 00:45:00,carrusel-02,35.7,0.019,2.5
2026-05-26 01:00:00,carrusel-02,34.7,0.014,2.2
2026-05-26 01:15:00,carrusel-02,35.0,0.035,3.1
2026-05-26 01:30:00,carrusel-02,32.9,0.017,2.5
2026-05-26 01:45:00,carrusel-02,35.4,0.032,2.6
2026-05-26 02:00:00,carrusel-02,34.1,0.017,2.5
2026-05-26 02:15:00,carrusel-02,35.4,0.024,2.9
2026-05-26 02:30:00,carrusel-02,37.4,0.025,2.7
2026-05-26 02:45:00,carrusel-02,36.7,0.027,2.8
2026-05-26 03:00:00,carrusel-02,34.4,0.023,2.5
2026-05-26 03:15:00,carrusel-02,36.9,0.036,2.6
2026-05-26 03:30:00,carrusel-02,35.4,0.03,2.9
2026-05-26 03:45:00,carrusel-02,36.5,0.03,2.1
2026-05-26 04:00:00,carrusel-02,34.5,0.019,3.1
2026-05-26 04:15:00,carrusel-02,34.6,0.018,2.9
2026-05-26 04:30:00,carrusel-02,34.7,0.032,2.9
2026-05-26 04:45:00,carrusel-02,34.5,0.037,2.8
2026-05-26 05:00:00,carrusel-02,36.5,0.026,2.8
2026-05-26 05:15:00,carrusel-02,39.2,0.033,2.6
2026-05-26 05:30:00,carrusel-02,37.9,0.032,3.1
2026-05-26 05:45:00,carrusel-02,36.0,0.016,2.2
2026-05-26 06:00:00,carrusel-02,40.5,0.012,2.8
2026-05-26 06:15:00,carrusel-02,37.6,0.025,2.6
2026-05-26 06:30:00,carrusel-02,36.6,0.009,3.1
2026-05-26 06:45:00,carrusel-02,37.6,0.028,3.0
2026-05-26 07:00:00,carrusel-02,40.1,0.03,3.4
2026-05-26 07:15:00,carrusel-02,39.2,0.022,3.2
2026-05-26 07:30:00,carrusel-02,38.2,0.026,2.9
2026-05-26 07:45:00,carrusel-02,42.1,0.054,3.2
2026-05-26 08:00:00,carrusel-02,38.9,0.033,3.3
2026-05-26 08:15:00,carrusel-02,41.5,0.054,3.9
2026-05-26 08:30:00,carrusel-02,41.7,0.061,4.3
2026-05-26 08:45:00,carrusel-02,41.7,0.041,3.4
2026-05-26 09:00:00,carrusel-02,39.6,0.055,3.4
2026-05-26 09:15:00,carrusel-02,41.1,0.039,4.0
2026-05-26 09:30:00,carrusel-02,40.0,0.039,3.5
2026-05-26 09:45:00,carrusel-02,41.0,0.044,3.6
2026-05-26 10:00:00,carrusel-02,40.2,0.048,3.6
2026-05-26 10:15:00,carrusel-02,39.4,0.017,3.1
2026-05-26 10:30:00,carrusel-02,40.9,0.038,3.9
2026-05-26 10:45:00,carrusel-02,38.2,0.037,3.0
2026-05-26 11:00:00,carrusel-02,41.4,0.042,3.5
2026-05-26 11:15:00,carrusel-02,39.4,0.032,3.2
2026-05-26 11:30:00,carrusel-02,38.8,0.025,3.1
2026-05-26 11:45:00,carrusel-02,37.7,0.035,3.2
2026-05-26 12:00:00,carrusel-02,40.0,0.042,3.5
2026-05-26 12:15:00,carrusel-02,39.5,0.04,3.5
2026-05-26 12:30:00,carrusel-02,38.0,0.04,3.9
2026-05-26 12:45:00,carrusel-02,39.6,0.042,3.5
2026-05-26 13:00:00,carrusel-02,39.0,0.045,3.6
2026-05-26 13:15:00,carrusel-02,39.4,0.041,3.3
2026-05-26 13:30:00,carrusel-02,40.0,0.032,3.1
2026-05-26 13:45:00,carrusel-02,40.3,0.048,3.4
2026-05-26 14:00:00,carrusel-02,38.5,0.034,3.4
2026-05-26 14:15:00,carrusel-02,39.5,0.059,3.5
2026-05-26 14:30:00,carrusel-02,40.3,0.043,3.6
2026-05-26 14:45:00,carrusel-02,41.8,0.046,3.4
2026-05-26 15:00:00,carrusel-02,39.4,0.04,3.1
2026-05-26 15:15:00,carrusel-02,42.2,0.031,3.3
2026-05-26 15:30:00,carrusel-02,39.4,0.028,3.4
2026-05-26 15:45:00,carrusel-02,40.5,0.027,3.2
2026-05-26 16:00:00,carrusel-02,37.9,0.047,3.4
2026-05-26 16:15:00,carrusel-02,46.3,0.05,4.0
2026-05-26 16:30:00,carrusel-02,44.0,0.032,3.4
2026-05-26 16:45:00,carrusel-02,41.2,0.043,3.7
2026-05-26 17:00:00,carrusel-02,37.7,0.046,3.3
2026-05-26 17:15:00,carrusel-02,40.7,0.045,3.4
2026-05-26 17:30:00,carrusel-02,40.3,0.036,3.2
2026-05-26 17:45:00,carrusel-02,41.1,0.041,3.5
2026-05-26 18:00:00,carrusel-02,40.3,0.021,3.5
2026-05-26 18:15:00,carrusel-02,41.7,0.047,4.1
2026-05-26 18:30:00,carrusel-02,43.0,0.046,3.7
2026-05-26 18:45:00,carrusel-02,44.5,0.047,3.7
2026-05-26 19:00:00,carrusel-02,42.0,0.038,3.9
2026-05-26 19:15:00,carrusel-02,42.0,0.037,4.0
2026-05-26 19:30:00,carrusel-02,41.3,0.053,3.7
2026-05-26 19:45:00,carrusel-02,39.6,0.025,3.5
2026-05-26 20:00:00,carrusel-02,37.5,0.016,3.1
2026-05-26 20:15:00,carrusel-02,40.1,0.03,3.2
2026-05-26 20:30:00,carrusel-02,39.8,0.041,3.3
2026-05-26 20:45:00,carrusel-02,42.1,0.043,3.4
2026-05-26 21:00:00,carrusel-02,38.7,0.033,3.1
2026-05-26 21:15:00,carrusel-02,39.3,0.025,2.9
2026-05-26 21:30:00,carrusel-02,35.6,0.017,2.8
2026-05-26 21:45:00,carrusel-02,38.1,0.027,2.4
2026-05-26 22:00:00,carrusel-02,40.0,0.025,3.2
2026-05-26 22:15:00,carrusel-02,37.6,0.016,2.5
2026-05-26 22:30:00,carrusel-02,37.4,0.023,2.6
2026-05-26 22:45:00,carrusel-02,37.8,0.026,2.8
2026-05-26 23:00:00,carrusel-02,37.4,0.011,2.6
2026-05-26 23:15:00,carrusel-02,38.1,0.025,2.7
2026-05-26 23:30:00,carrusel-02,35.8,0.018,2.7
2026-05-26 23:45:00,carrusel-02,38.0,0.019,2.8
2026-05-27 00:00:00,carrusel-02,35.1,0.028,2.2
2026-05-27 00:15:00,carrusel-02,38.5,0.035,2.7
2026-05-27 00:30:00,carrusel-02,34.3,0.016,2.6
2026-05-27 00:45:00,carrusel-02,36.2,0.023,2.8
2026-05-27 01:00:00,carrusel-02,36.7,0.014,2.5
2026-05-27 01:15:00,carrusel-02,35.1,0.02,2.5
2026-05-27 01:30:00,carrusel-02,35.1,0.023,2.8
2026-05-27 01:45:00,carrusel-02,37.2,0.009,2.5
2026-05-27 02:00:00,carrusel-02,34.2,0.014,2.7
2026-05-27 02:15:00,carrusel-02,37.8,0.014,2.8
2026-05-27 02:30:00,carrusel-02,36.2,0.005,2.3
2026-05-27 02:45:00,carrusel-02,36.6,0.002,2.5
2026-05-27 03:00:00,carrusel-02,37.0,0.026,2.6
2026-05-27 03:15:00,carrusel-02,33.7,0.017,2.7
2026-05-27 03:30:00,carrusel-02,38.4,0.03,2.9
2026-05-27 03:45:00,carrusel-02,35.8,0.033,2.3
2026-05-27 04:00:00,carrusel-02,37.1,0.037,2.5
2026-05-27 04:15:00,carrusel-02,36.6,0.015,2.9
2026-05-27 04:30:00,carrusel-02,36.5,0.014,2.8
2026-05-27 04:45:00,carrusel-02,36.7,0.028,2.5
2026-05-27 05:00:00,carrusel-02,37.8,0.023,2.5
2026-05-27 05:15:00,carrusel-02,35.6,0.028,2.6
2026-05-27 05:30:00,carrusel-02,36.2,0.025,2.8
2026-05-27 05:45:00,carrusel-02,38.4,0.027,2.9
2026-05-27 06:00:00,carrusel-02,37.4,0.03,3.0
2026-05-27 06:15:00,carrusel-02,39.0,0.021,2.3
2026-05-27 06:30:00,carrusel-02,38.6,0.031,2.9
2026-05-27 06:45:00,carrusel-02,36.0,0.03,2.6
2026-05-27 07:00:00,carrusel-02,41.2,0.034,3.3
2026-05-27 07:15:00,carrusel-02,38.7,0.041,3.2
2026-05-27 07:30:00,carrusel-02,41.3,0.033,3.3
2026-05-27 07:45:00,carrusel-02,39.4,0.035,2.7
2026-05-27 08:00:00,carrusel-02,43.5,0.042,3.5
2026-05-27 08:15:00,carrusel-02,40.6,0.042,3.5
2026-05-27 08:30:00,carrusel-02,43.7,0.05,3.5
2026-05-27 08:45:00,carrusel-02,44.0,0.07,3.5
2026-05-27 09:00:00,carrusel-02,39.5,0.049,3.6
2026-05-27 09:15:00,carrusel-02,42.6,0.038,4.0
2026-05-27 09:30:00,carrusel-02,39.9,0.016,3.1
2026-05-27 09:45:00,carrusel-02,38.6,0.046,3.2
2026-05-27 10:00:00,carrusel-02,40.5,0.039,3.5
2026-05-27 10:15:00,carrusel-02,39.7,0.011,3.0
2026-05-27 10:30:00,carrusel-02,41.3,0.039,3.2
2026-05-27 10:45:00,carrusel-02,40.7,0.038,3.3
2026-05-27 11:00:00,carrusel-02,39.8,0.028,3.1
2026-05-27 11:15:00,carrusel-02,40.3,0.03,3.9
2026-05-27 11:30:00,carrusel-02,38.6,0.026,3.1
2026-05-27 11:45:00,carrusel-02,43.0,0.052,3.5
2026-05-27 12:00:00,carrusel-02,35.6,0.026,3.3
2026-05-27 12:15:00,carrusel-02,40.2,0.039,3.3
2026-05-27 12:30:00,carrusel-02,41.4,0.026,3.5
2026-05-27 12:45:00,carrusel-02,40.0,0.044,4.0
2026-05-27 13:00:00,carrusel-02,39.5,0.027,3.2
2026-05-27 13:15:00,carrusel-02,40.7,0.031,3.5
2026-05-27 13:30:00,carrusel-02,41.0,0.046,3.4
2026-05-27 13:45:00,carrusel-02,40.8,0.031,3.5
2026-05-27 14:00:00,carrusel-02,38.2,0.034,3.2
2026-05-27 14:15:00,carrusel-02,40.3,0.037,3.0
2026-05-27 14:30:00,carrusel-02,38.8,0.029,3.1
2026-05-27 14:45:00,carrusel-02,36.6,0.029,3.1
2026-05-27 15:00:00,carrusel-02,39.7,0.052,3.1
2026-05-27 15:15:00,carrusel-02,40.2,0.046,3.5
2026-05-27 15:30:00,carrusel-02,40.0,0.03,3.7
2026-05-27 15:45:00,carrusel-02,39.3,0.042,2.9
2026-05-27 16:00:00,carrusel-02,39.8,0.038,3.5
2026-05-27 16:15:00,carrusel-02,38.1,0.043,3.3
2026-05-27 16:30:00,carrusel-02,40.8,0.036,3.7
2026-05-27 16:45:00,carrusel-02,40.8,0.048,3.3
2026-05-27 17:00:00,carrusel-02,41.7,0.064,4.0
2026-05-27 17:15:00,carrusel-02,39.7,0.041,3.5
2026-05-27 17:30:00,carrusel-02,40.3,0.046,3.5
2026-05-27 17:45:00,carrusel-02,40.7,0.038,4.1
2026-05-27 18:00:00,carrusel-02,42.5,0.037,3.4
2026-05-27 18:15:00,carrusel-02,43.5,0.044,3.7
2026-05-27 18:30:00,carrusel-02,42.4,0.052,3.8
2026-05-27 18:45:00,carrusel-02,44.0,0.048,3.8
2026-05-27 19:00:00,carrusel-02,37.3,0.042,3.4
2026-05-27 19:15:00,carrusel-02,40.8,0.038,3.7
2026-05-27 19:30:00,carrusel-02,41.1,0.053,3.7
2026-05-27 19:45:00,carrusel-02,41.4,0.04,3.8
2026-05-27 20:00:00,carrusel-02,41.1,0.037,3.1
2026-05-27 20:15:00,carrusel-02,40.0,0.03,3.1
2026-05-27 20:30:00,carrusel-02,39.6,0.026,3.4
2026-05-27 20:45:00,carrusel-02,37.8,0.031,3.2
2026-05-27 21:00:00,carrusel-02,39.4,0.047,3.1
2026-05-27 21:15:00,carrusel-02,38.4,0.026,3.0
2026-05-27 21:30:00,carrusel-02,39.4,0.051,3.0
2026-05-27 21:45:00,carrusel-02,38.9,0.036,3.2
2026-05-27 22:00:00,carrusel-02,36.1,0.013,3.0
2026-05-27 22:15:00,carrusel-02,37.1,0.008,3.2
2026-05-27 22:30:00,carrusel-02,36.2,0.018,2.6
2026-05-27 22:45:00,carrusel-02,36.7,0.03,2.2
2026-05-27 23:00:00,carrusel-02,34.6,0.018,2.4
2026-05-27 23:15:00,carrusel-02,35.3,0.027,2.9
2026-05-27 23:30:00,carrusel-02,38.4,0.035,2.8
2026-05-27 23:45:00,carrusel-02,37.0,0.02,2.7
2026-05-28 00:00:00,carrusel-02,36.6,0.035,2.6
2026-05-28 00:15:00,carrusel-02,37.5,0.014,3.1
2026-05-28 00:30:00,carrusel-02,36.6,0.007,2.3
2026-05-28 00:45:00,carrusel-02,37.1,0.038,2.8
2026-05-28 01:00:00,carrusel-02,37.1,0.015,2.6
2026-05-28 01:15:00,carrusel-02,34.1,0.021,2.9
2026-05-28 01:30:00,carrusel-02,37.4,0.035,2.9
2026-05-28 01:45:00,carrusel-02,34.7,0.022,2.7
2026-05-28 02:00:00,carrusel-02,37.7,0.019,2.3
2026-05-28 02:15:00,carrusel-02,37.2,0.032,2.8
2026-05-28 02:30:00,carrusel-02,36.6,0.022,2.1
2026-05-28 02:45:00,carrusel-02,37.1,0.019,2.4
2026-05-28 03:00:00,carrusel-02,34.7,0.004,2.5
2026-05-28 03:15:00,carrusel-02,34.8,0.019,2.6
2026-05-28 03:30:00,carrusel-02,35.7,0.036,3.0
2026-05-28 03:45:00,carrusel-02,36.2,0.016,2.5
2026-05-28 04:00:00,carrusel-02,38.2,0.03,2.7
2026-05-28 04:15:00,carrusel-02,35.7,0.03,2.2
2026-05-28 04:30:00,carrusel-02,36.2,0.012,2.3
2026-05-28 04:45:00,carrusel-02,34.4,0.012,2.6
2026-05-28 05:00:00,carrusel-02,34.1,0.015,2.6
2026-05-28 05:15:00,carrusel-02,35.4,0.02,2.2
2026-05-28 05:30:00,carrusel-02,38.0,0.023,3.0
2026-05-28 05:45:00,carrusel-02,37.4,0.021,2.4
2026-05-28 06:00:00,carrusel-02,37.4,0.036,2.6
2026-05-28 06:15:00,carrusel-02,37.2,0.015,2.7
2026-05-28 06:30:00,carrusel-02,38.5,0.038,2.9
2026-05-28 06:45:00,carrusel-02,37.7,0.03,2.7
2026-05-28 07:00:00,carrusel-02,38.1,0.01,2.7
2026-05-28 07:15:00,carrusel-02,40.7,0.054,3.6
2026-05-28 07:30:00,carrusel-02,39.0,0.032,2.8
2026-05-28 07:45:00,carrusel-02,36.8,0.01,2.8
2026-05-28 08:00:00,carrusel-02,38.5,0.042,3.6
2026-05-28 08:15:00,carrusel-02,40.1,0.043,3.6
2026-05-28 08:30:00,carrusel-02,39.5,0.041,3.7
2026-05-28 08:45:00,carrusel-02,43.0,0.035,3.4
2026-05-28 09:00:00,carrusel-02,40.8,0.025,3.3
2026-05-28 09:15:00,carrusel-02,40.7,0.047,3.6
2026-05-28 09:30:00,carrusel-02,41.5,0.035,3.0
2026-05-28 09:45:00,carrusel-02,42.2,0.04,3.8
2026-05-28 10:00:00,carrusel-02,40.0,0.033,3.2
2026-05-28 10:15:00,carrusel-02,41.2,0.043,3.6
2026-05-28 10:30:00,carrusel-02,39.9,0.045,3.2
2026-05-28 10:45:00,carrusel-02,39.3,0.047,3.6
2026-05-28 11:00:00,carrusel-02,41.8,0.032,3.5
2026-05-28 11:15:00,carrusel-02,41.5,0.038,3.4
2026-05-28 11:30:00,carrusel-02,41.6,0.033,3.4
2026-05-28 11:45:00,carrusel-02,36.0,0.034,3.2
2026-05-28 12:00:00,carrusel-02,38.2,0.036,3.0
2026-05-28 12:15:00,carrusel-02,39.2,0.049,3.6
2026-05-28 12:30:00,carrusel-02,37.6,0.035,3.0
2026-05-28 12:45:00,carrusel-02,39.9,0.025,3.0
2026-05-28 13:00:00,carrusel-02,39.8,0.034,3.6
2026-05-28 13:15:00,carrusel-02,40.2,0.036,3.5
2026-05-28 13:30:00,carrusel-02,39.3,0.037,3.3
2026-05-28 13:45:00,carrusel-02,36.6,0.019,2.8
2026-05-28 14:00:00,carrusel-02,42.3,0.035,3.3
2026-05-28 14:15:00,carrusel-02,40.9,0.049,3.5
2026-05-28 14:30:00,carrusel-02,37.4,0.02,3.3
2026-05-28 14:45:00,carrusel-02,42.7,0.045,3.7
2026-05-28 15:00:00,carrusel-02,37.6,0.039,3.2
2026-05-28 15:15:00,carrusel-02,41.0,0.041,3.7
2026-05-28 15:30:00,carrusel-02,41.2,0.046,3.5
2026-05-28 15:45:00,carrusel-02,39.9,0.021,3.3
2026-05-28 16:00:00,carrusel-02,39.3,0.026,3.2
2026-05-28 16:15:00,carrusel-02,38.6,0.042,3.3
2026-05-28 16:30:00,carrusel-02,42.0,0.048,3.6
2026-05-28 16:45:00,carrusel-02,39.9,0.046,3.8
2026-05-28 17:00:00,carrusel-02,41.8,0.021,3.2
2026-05-28 17:15:00,carrusel-02,38.9,0.026,3.5
2026-05-28 17:30:00,carrusel-02,42.5,0.051,3.8
2026-05-28 17:45:00,carrusel-02,52.09847464034053,0.1051886965177812,4.0
2026-05-28 18:00:00,carrusel-02,40.9,0.044,3.6
2026-05-28 18:15:00,carrusel-02,42.4,0.048,3.6
2026-05-28 18:30:00,carrusel-02,43.3,0.049,4.2
2026-05-28 18:45:00,carrusel-02,44.9,0.04,4.2
2026-05-28 19:00:00,carrusel-02,39.8,0.04,3.6
2026-05-28 19:15:00,carrusel-02,40.9,0.051,3.6
2026-05-28 19:30:00,carrusel-02,41.6,0.043,3.9
2026-05-28 19:45:00,carrusel-02,42.8,0.024,3.3
2026-05-28 20:00:00,carrusel-02,41.2,0.038,3.4
2026-05-28 20:15:00,carrusel-02,40.2,0.05,3.6
2026-05-28 20:30:00,carrusel-02,39.3,0.038,3.4
2026-05-28 20:45:00,carrusel-02,39.4,0.028,3.3
2026-05-28 21:00:00,carrusel-02,39.6,0.019,2.9
2026-05-28 21:15:00,carrusel-02,38.3,0.039,2.9
2026-05-28 21:30:00,carrusel-02,40.5,0.034,3.4
2026-05-28 21:45:00,carrusel-02,38.3,0.027,3.1
2026-05-28 22:00:00,carrusel-02,39.7,0.022,3.0
2026-05-28 22:15:00,carrusel-02,36.3,0.026,3.0
2026-05-28 22:30:00,carrusel-02,38.9,0.034,3.0
2026-05-28 22:45:00,carrusel-02,36.2,0.021,2.9
2026-05-28 23:00:00,carrusel-02,34.9,0.026,2.8
2026-05-28 23:15:00,carrusel-02,39.0,0.03,3.1
2026-05-28 23:30:00,carrusel-02,38.6,0.039,3.1
2026-05-28 23:45:00,carrusel-02,35.7,0.017,2.6
2026-05-29 00:00:00,carrusel-02,36.5,0.027,2.4
2026-05-29 00:15:00,carrusel-02,36.9,0.027,2.8
2026-05-29 00:30:00,carrusel-02,34.1,0.026,2.8
2026-05-29 00:45:00,carrusel-02,38.1,0.013,2.7
2026-05-29 01:00:00,carrusel-02,39.0,0.021,2.7
2026-05-29 01:15:00,carrusel-02,38.0,0.014,2.7
2026-05-29 01:30:00,carrusel-02,38.5,0.021,2.2
2026-05-29 01:45:00,carrusel-02,36.0,0.01,2.2
2026-05-29 02:00:00,carrusel-02,37.7,0.024,3.1
2026-05-29 02:15:00,carrusel-02,39.4,0.015,2.8
2026-05-29 02:30:00,carrusel-02,35.7,0.018,2.6
2026-05-29 02:45:00,carrusel-02,36.7,0.026,2.9
2026-05-29 03:00:00,carrusel-02,34.9,0.022,2.3
2026-05-29 03:15:00,carrusel-02,37.2,0.022,2.7
2026-05-29 03:30:00,carrusel-02,37.3,0.021,3.1
2026-05-29 03:45:00,carrusel-02,36.0,0.025,2.2
2026-05-29 04:00:00,carrusel-02,36.2,0.033,2.6
2026-05-29 04:15:00,carrusel-02,38.8,0.033,2.9
2026-05-29 04:30:00,carrusel-02,35.3,0.032,2.4
2026-05-29 04:45:00,carrusel-02,36.8,0.014,2.3
2026-05-29 05:00:00,carrusel-02,35.4,0.019,2.5
2026-05-29 05:15:00,carrusel-02,38.1,0.025,2.8
2026-05-29 05:30:00,carrusel-02,39.0,0.027,2.7
2026-05-29 05:45:00,carrusel-02,34.3,0.025,2.6
2026-05-29 06:00:00,carrusel-02,37.3,0.038,2.7
2026-05-29 06:15:00,carrusel-02,37.5,0.021,2.9
2026-05-29 06:30:00,carrusel-02,37.9,0.027,2.8
2026-05-29 06:45:00,carrusel-02,40.4,0.038,3.1
2026-05-29 07:00:00,carrusel-02,41.1,0.039,3.4
2026-05-29 07:15:00,carrusel-02,35.2,0.034,3.0
2026-05-29 07:30:00,carrusel-02,40.5,0.029,3.4
2026-05-29 07:45:00,carrusel-02,38.1,0.029,3.0
2026-05-29 08:00:00,carrusel-02,40.5,0.028,3.6
2026-05-29 08:15:00,carrusel-02,42.6,0.045,3.8
2026-05-29 08:30:00,carrusel-02,41.7,0.046,3.5
2026-05-29 08:45:00,carrusel-02,40.6,0.048,3.4
2026-05-29 09:00:00,carrusel-02,40.0,0.034,3.5
2026-05-29 09:15:00,carrusel-02,42.0,0.033,3.6
2026-05-29 09:30:00,carrusel-02,41.3,0.044,3.5
2026-05-29 09:45:00,carrusel-02,40.8,0.029,3.4
2026-05-29 10:00:00,carrusel-02,43.0,0.045,3.6
2026-05-29 10:15:00,carrusel-02,40.5,0.02,3.6
2026-05-29 10:30:00,carrusel-02,41.9,0.03,2.8
2026-05-29 10:45:00,carrusel-02,40.8,0.025,3.2
2026-05-29 11:00:00,carrusel-02,41.6,0.051,3.6
2026-05-29 11:15:00,carrusel-02,37.3,0.024,2.7
2026-05-29 11:30:00,carrusel-02,40.8,0.038,3.2
2026-05-29 11:45:00,carrusel-02,38.2,0.022,3.6
2026-05-29 12:00:00,carrusel-02,40.4,0.028,3.3
2026-05-29 12:15:00,carrusel-02,38.6,0.033,3.6
2026-05-29 12:30:00,carrusel-02,41.5,0.051,3.4
2026-05-29 12:45:00,carrusel-02,39.5,0.041,3.4
2026-05-29 13:00:00,carrusel-02,39.5,0.044,3.4
2026-05-29 13:15:00,carrusel-02,38.8,0.026,3.1
2026-05-29 13:30:00,carrusel-02,40.8,0.039,3.6
2026-05-29 13:45:00,carrusel-02,39.2,0.046,3.2
2026-05-29 14:00:00,carrusel-02,41.2,0.023,3.5
2026-05-29 14:15:00,carrusel-02,38.1,0.043,3.0
2026-05-29 14:30:00,carrusel-02,39.1,0.038,3.1
2026-05-29 14:45:00,carrusel-02,41.1,0.021,3.3
2026-05-29 15:00:00,carrusel-02,39.6,0.012,3.6
2026-05-29 15:15:00,carrusel-02,40.7,0.048,3.9
2026-05-29 15:30:00,carrusel-02,41.6,0.04,3.4
2026-05-29 15:45:00,carrusel-02,38.0,0.027,2.9
2026-05-29 16:00:00,carrusel-02,38.5,0.04,3.4
2026-05-29 16:15:00,carrusel-02,39.9,0.063,3.7
2026-05-29 16:30:00,carrusel-02,39.3,0.028,2.9
2026-05-29 16:45:00,carrusel-02,39.5,0.027,3.3
2026-05-29 17:00:00,carrusel-02,43.6,0.038,3.8
2026-05-29 17:15:00,carrusel-02,41.4,0.039,4.1
2026-05-29 17:30:00,carrusel-02,42.8,0.038,3.5
2026-05-29 17:45:00,carrusel-02,40.4,0.03,3.4
2026-05-29 18:00:00,carrusel-02,39.2,0.044,3.6
2026-05-29 18:15:00,carrusel-02,40.8,0.037,3.7
2026-05-29 18:30:00,carrusel-02,43.1,0.041,3.5
2026-05-29 18:45:00,carrusel-02,41.0,0.041,4.0
2026-05-29 19:00:00,carrusel-02,42.2,0.035,3.8
2026-05-29 19:15:00,carrusel-02,41.5,0.056,4.0
2026-05-29 19:30:00,carrusel-02,42.4,0.05,4.0
2026-05-29 19:45:00,carrusel-02,41.4,0.041,3.8
2026-05-29 20:00:00,carrusel-02,38.8,0.041,2.7
2026-05-29 20:15:00,carrusel-02,41.8,0.035,3.5
2026-05-29 20:30:00,carrusel-02,42.0,0.047,3.2
2026-05-29 20:45:00,carrusel-02,40.3,0.039,3.3
2026-05-29 21:00:00,carrusel-02,41.7,0.033,3.2
2026-05-29 21:15:00,carrusel-02,39.5,0.034,3.4
2026-05-29 21:30:00,carrusel-02,40.2,0.035,2.8
2026-05-29 21:45:00,carrusel-02,40.3,0.032,3.2
2026-05-29 22:00:00,carrusel-02,36.3,0.025,2.9
2026-05-29 22:15:00,carrusel-02,37.2,0.019,3.0
2026-05-29 22:30:00,carrusel-02,39.2,0.038,2.8
2026-05-29 22:45:00,carrusel-02,35.0,0.014,2.5
2026-05-29 23:00:00,carrusel-02,37.6,0.029,2.4
2026-05-29 23:15:00,carrusel-02,37.1,0.022,2.5
2026-05-29 23:30:00,carrusel-02,39.5,0.024,2.8
2026-05-29 23:45:00,carrusel-02,40.4,0.009,2.9
2026-05-30 00:00:00,carrusel-02,36.7,0.015,2.5
2026-05-30 00:15:00,carrusel-02,41.2,0.033,2.6
2026-05-30 00:30:00,carrusel-02,35.5,0.006,2.4
2026-05-30 00:45:00,carrusel-02,36.0,0.035,2.9
2026-05-30 01:00:00,carrusel-02,35.8,0.033,2.6
2026-05-30 01:15:00,carrusel-02,35.7,0.021,2.4
2026-05-30 01:30:00,carrusel-02,38.5,0.021,2.6
2026-05-30 01:45:00,carrusel-02,35.1,0.019,2.2
2026-05-30 02:00:00,carrusel-02,36.0,0.018,2.7
2026-05-30 02:15:00,carrusel-02,37.5,0.016,3.1
2026-05-30 02:30:00,carrusel-02,38.1,0.032,3.3
2026-05-30 02:45:00,carrusel-02,36.7,0.039,2.9
2026-05-30 03:00:00,carrusel-02,34.0,0.019,2.3
2026-05-30 03:15:00,carrusel-02,38.8,0.01,2.8
2026-05-30 03:30:00,carrusel-02,37.3,0.032,2.9
2026-05-30 03:45:00,carrusel-02,35.7,0.01,2.3
2026-05-30 04:00:00,carrusel-02,37.5,0.025,2.7
2026-05-30 04:15:00,carrusel-02,37.3,0.017,2.2
2026-05-30 04:30:00,carrusel-02,37.3,0.027,3.1
2026-05-30 04:45:00,carrusel-02,36.3,0.011,2.5
2026-05-30 05:00:00,carrusel-02,35.6,0.028,2.8
2026-05-30 05:15:00,carrusel-02,37.2,0.023,2.8
2026-05-30 05:30:00,carrusel-02,36.2,0.021,2.3
2026-05-30 05:45:00,carrusel-02,40.3,0.026,2.9
2026-05-30 06:00:00,carrusel-02,36.6,0.012,2.7
2026-05-30 06:15:00,carrusel-02,38.0,0.019,2.4
2026-05-30 06:30:00,carrusel-02,36.2,0.02,2.8
2026-05-30 06:45:00,carrusel-02,38.1,0.028,2.8
2026-05-30 07:00:00,carrusel-02,39.2,0.024,3.1
2026-05-30 07:15:00,carrusel-02,37.6,0.022,3.3
2026-05-30 07:30:00,carrusel-02,35.8,0.025,2.9
2026-05-30 07:45:00,carrusel-02,38.3,0.02,3.3
2026-05-30 08:00:00,carrusel-02,38.5,0.03,3.1
2026-05-30 08:15:00,carrusel-02,39.7,0.037,3.4
2026-05-30 08:30:00,carrusel-02,39.1,0.036,3.3
2026-05-30 08:45:00,carrusel-02,41.0,0.026,3.4
2026-05-30 09:00:00,carrusel-02,41.4,0.033,3.3
2026-05-30 09:15:00,carrusel-02,39.6,0.041,3.0
2026-05-30 09:30:00,carrusel-02,40.6,0.038,3.4
2026-05-30 09:45:00,carrusel-02,40.9,0.057,3.3
2026-05-30 10:00:00,carrusel-02,38.4,0.026,3.1
2026-05-30 10:15:00,carrusel-02,42.5,0.031,2.9
2026-05-30 10:30:00,carrusel-02,36.5,0.032,3.1
2026-05-30 10:45:00,carrusel-02,41.7,0.035,3.4
2026-05-30 11:00:00,carrusel-02,36.1,0.029,2.6
2026-05-30 11:15:00,carrusel-02,37.8,0.037,3.5
2026-05-30 11:30:00,carrusel-02,35.3,0.025,2.8
2026-05-30 11:45:00,carrusel-02,38.5,0.031,3.2
2026-05-30 12:00:00,carrusel-02,36.7,0.03,3.2
2026-05-30 12:15:00,carrusel-02,39.6,0.021,2.8
2026-05-30 12:30:00,carrusel-02,38.3,0.018,3.0
2026-05-30 12:45:00,carrusel-02,38.6,0.026,3.3
2026-05-30 13:00:00,carrusel-02,38.4,0.034,3.3
2026-05-30 13:15:00,carrusel-02,41.5,0.048,3.3
2026-05-30 13:30:00,carrusel-02,37.6,0.027,2.6
2026-05-30 13:45:00,carrusel-02,39.5,0.035,3.2
2026-05-30 14:00:00,carrusel-02,38.4,0.028,2.9
2026-05-30 14:15:00,carrusel-02,40.5,0.037,3.3
2026-05-30 14:30:00,carrusel-02,39.2,0.035,3.5
2026-05-30 14:45:00,carrusel-02,40.1,0.047,3.2
2026-05-30 15:00:00,carrusel-02,37.2,0.029,3.2
2026-05-30 15:15:00,carrusel-02,38.9,0.028,3.0
2026-05-30 15:30:00,carrusel-02,38.0,0.039,3.3
2026-05-30 15:45:00,carrusel-02,39.0,0.028,2.8
2026-05-30 16:00:00,carrusel-02,41.0,0.031,3.3
2026-05-30 16:15:00,carrusel-02,37.2,0.026,2.9
2026-05-30 16:30:00,carrusel-02,38.1,0.019,3.5
2026-05-30 16:45:00,carrusel-02,39.6,0.041,3.5
2026-05-30 17:00:00,carrusel-02,39.5,0.047,3.3
2026-05-30 17:15:00,carrusel-02,39.9,0.043,3.6
2026-05-30 17:30:00,carrusel-02,39.8,0.029,3.3
2026-05-30 17:45:00,carrusel-02,37.5,0.026,3.1
2026-05-30 18:00:00,carrusel-02,39.8,0.041,3.2
2026-05-30 18:15:00,carrusel-02,42.5,0.035,4.0
2026-05-30 18:30:00,carrusel-02,40.1,0.045,3.2
2026-05-30 18:45:00,carrusel-02,37.9,0.043,3.1
2026-05-30 19:00:00,carrusel-02,41.4,0.044,3.5
2026-05-30 19:15:00,carrusel-02,38.6,0.039,3.2
2026-05-30 19:30:00,carrusel-02,40.3,0.031,3.0
2026-05-30 19:45:00,carrusel-02,37.8,0.03,3.4
2026-05-30 20:00:00,carrusel-02,37.7,0.021,2.8
2026-05-30 20:15:00,carrusel-02,37.2,0.025,2.9
2026-05-30 20:30:00,carrusel-02,37.6,0.041,3.2
2026-05-30 20:45:00,carrusel-02,39.0,0.028,3.2
2026-05-30 21:00:00,carrusel-02,36.9,0.028,3.1
2026-05-30 21:15:00,carrusel-02,38.9,0.02,2.7
2026-05-30 21:30:00,carrusel-02,36.5,0.023,3.0
2026-05-30 21:45:00,carrusel-02,38.0,0.013,2.7
2026-05-30 22:00:00,carrusel-02,39.5,0.024,2.4
2026-05-30 22:15:00,carrusel-02,36.0,0.025,2.6
2026-05-30 22:30:00,carrusel-02,38.9,0.022,3.0
2026-05-30 22:45:00,carrusel-02,34.9,0.006,2.4
2026-05-30 23:00:00,carrusel-02,36.1,0.02,2.3
2026-05-30 23:15:00,carrusel-02,34.2,0.031,2.4
2026-05-30 23:30:00,carrusel-02,37.9,0.01,2.3
2026-05-30 23:45:00,carrusel-02,35.9,0.023,2.6
2026-05-24 00:00:00,carrusel-03,36.3,0.037,3.0
2026-05-24 00:15:00,carrusel-03,35.3,0.013,2.8
2026-05-24 00:30:00,carrusel-03,37.5,0.037,2.5
2026-05-24 00:45:00,carrusel-03,33.4,0.014,2.5
2026-05-24 01:00:00,carrusel-03,37.7,0.015,3.0
2026-05-24 01:15:00,carrusel-03,38.4,0.011,2.9
2026-05-24 01:30:00,carrusel-03,35.5,0.024,2.5
2026-05-24 01:45:00,carrusel-03,36.0,0.008,2.7
2026-05-24 02:00:00,carrusel-03,37.3,0.016,2.4
2026-05-24 02:15:00,carrusel-03,37.1,0.014,2.6
2026-05-24 02:30:00,carrusel-03,33.6,0.015,2.3
2026-05-24 02:45:00,carrusel-03,34.6,0.027,2.5
2026-05-24 03:00:00,carrusel-03,36.8,0.028,2.5
2026-05-24 03:15:00,carrusel-03,33.9,0.015,2.4
2026-05-24 03:30:00,carrusel-03,35.6,0.026,2.4
2026-05-24 03:45:00,carrusel-03,37.4,0.023,2.5
2026-05-24 04:00:00,carrusel-03,35.2,0.013,2.4
2026-05-24 04:15:00,carrusel-03,37.2,0.015,3.2
2026-05-24 04:30:00,carrusel-03,35.8,0.023,2.8
2026-05-24 04:45:00,carrusel-03,36.2,0.034,3.1
2026-05-24 05:00:00,carrusel-03,35.7,0.012,2.5
2026-05-24 05:15:00,carrusel-03,38.3,0.035,2.7
2026-05-24 05:30:00,carrusel-03,36.0,0.022,2.5
2026-05-24 05:45:00,carrusel-03,36.1,0.032,2.6
2026-05-24 06:00:00,carrusel-03,36.9,0.025,3.1
2026-05-24 06:15:00,carrusel-03,37.5,0.022,3.0
2026-05-24 06:30:00,carrusel-03,39.5,0.033,3.1
2026-05-24 06:45:00,carrusel-03,36.9,0.021,2.6
2026-05-24 07:00:00,carrusel-03,38.5,0.029,3.3
2026-05-24 07:15:00,carrusel-03,43.0,0.042,3.2
2026-05-24 07:30:00,carrusel-03,39.7,0.021,3.8
2026-05-24 07:45:00,carrusel-03,41.1,0.04,3.2
2026-05-24 08:00:00,carrusel-03,44.5,0.043,3.6
2026-05-24 08:15:00,carrusel-03,43.3,0.052,4.2
2026-05-24 08:30:00,carrusel-03,43.8,0.061,3.8
2026-05-24 08:45:00,carrusel-03,44.3,0.041,3.8
2026-05-24 09:00:00,carrusel-03,42.7,0.057,3.9
2026-05-24 09:15:00,carrusel-03,42.8,0.06,4.1
2026-05-24 09:30:00,carrusel-03,43.4,0.062,3.9
2026-05-24 09:45:00,carrusel-03,45.3,0.056,4.9
2026-05-24 10:00:00,carrusel-03,41.6,0.035,3.9
2026-05-24 10:15:00,carrusel-03,45.5,0.061,4.0
2026-05-24 10:30:00,carrusel-03,40.0,0.061,3.8
2026-05-24 10:45:00,carrusel-03,43.6,0.037,3.8
2026-05-24 11:00:00,carrusel-03,42.8,0.044,3.5
2026-05-24 11:15:00,carrusel-03,43.3,0.045,3.9
2026-05-24 11:30:00,carrusel-03,40.5,0.034,3.6
2026-05-24 11:45:00,carrusel-03,42.8,0.054,3.9
2026-05-24 12:00:00,carrusel-03,40.8,0.045,3.6
2026-05-24 12:15:00,carrusel-03,41.6,0.037,3.4
2026-05-24 12:30:00,carrusel-03,42.2,0.034,3.8
2026-05-24 12:45:00,carrusel-03,44.7,0.064,4.1
2026-05-24 13:00:00,carrusel-03,41.1,0.04,3.2
2026-05-24 13:15:00,carrusel-03,43.8,0.041,3.7
2026-05-24 13:30:00,carrusel-03,41.0,0.048,3.1
2026-05-24 13:45:00,carrusel-03,41.7,0.046,3.8
2026-05-24 14:00:00,carrusel-03,40.4,0.037,3.6
2026-05-24 14:15:00,carrusel-03,42.3,0.035,3.7
2026-05-24 14:30:00,carrusel-03,42.0,0.05,4.1
2026-05-24 14:45:00,carrusel-03,42.1,0.041,3.2
2026-05-24 15:00:00,carrusel-03,41.6,0.048,3.7
2026-05-24 15:15:00,carrusel-03,39.9,0.037,3.8
2026-05-24 15:30:00,carrusel-03,43.4,0.054,4.3
2026-05-24 15:45:00,carrusel-03,40.9,0.033,3.6
2026-05-24 16:00:00,carrusel-03,43.9,0.045,4.2
2026-05-24 16:15:00,carrusel-03,43.8,0.055,4.4
2026-05-24 16:30:00,carrusel-03,42.8,0.029,4.3
2026-05-24 16:45:00,carrusel-03,41.4,0.046,4.4
2026-05-24 17:00:00,carrusel-03,46.1,0.056,4.4
2026-05-24 17:15:00,carrusel-03,44.9,0.044,3.9
2026-05-24 17:30:00,carrusel-03,44.9,0.069,4.2
2026-05-24 17:45:00,carrusel-03,42.4,0.051,3.8
2026-05-24 18:00:00,carrusel-03,41.8,0.057,4.2
2026-05-24 18:15:00,carrusel-03,45.1,0.071,4.1
2026-05-24 18:30:00,carrusel-03,46.9,0.041,4.1
2026-05-24 18:45:00,carrusel-03,46.6,0.06,4.3
2026-05-24 19:00:00,carrusel-03,43.1,0.043,4.1
2026-05-24 19:15:00,carrusel-03,41.7,0.061,4.0
2026-05-24 19:30:00,carrusel-03,41.8,0.046,3.4
2026-05-24 19:45:00,carrusel-03,42.2,0.065,4.2
2026-05-24 20:00:00,carrusel-03,41.1,0.044,3.9
2026-05-24 20:15:00,carrusel-03,41.7,0.045,3.6
2026-05-24 20:30:00,carrusel-03,39.5,0.053,3.8
2026-05-24 20:45:00,carrusel-03,42.8,0.039,3.2
2026-05-24 21:00:00,carrusel-03,41.0,0.042,3.4
2026-05-24 21:15:00,carrusel-03,40.2,0.043,3.1
2026-05-24 21:30:00,carrusel-03,41.1,0.026,3.0
2026-05-24 21:45:00,carrusel-03,37.5,0.015,3.1
2026-05-24 22:00:00,carrusel-03,38.9,0.031,3.1
2026-05-24 22:15:00,carrusel-03,38.8,0.028,3.1
2026-05-24 22:30:00,carrusel-03,40.7,0.027,3.1
2026-05-24 22:45:00,carrusel-03,37.8,0.033,2.8
2026-05-24 23:00:00,carrusel-03,36.4,0.017,2.5
2026-05-24 23:15:00,carrusel-03,36.3,0.026,2.6
2026-05-24 23:30:00,carrusel-03,37.4,0.031,2.9
2026-05-24 23:45:00,carrusel-03,37.1,0.022,3.0
2026-05-25 00:00:00,carrusel-03,38.1,0.018,2.5
2026-05-25 00:15:00,carrusel-03,37.1,0.031,2.8
2026-05-25 00:30:00,carrusel-03,35.6,0.041,2.8
2026-05-25 00:45:00,carrusel-03,36.5,0.029,2.6
2026-05-25 01:00:00,carrusel-03,37.1,0.026,3.0
2026-05-25 01:15:00,carrusel-03,35.2,0.024,2.9
2026-05-25 01:30:00,carrusel-03,38.2,0.025,3.2
2026-05-25 01:45:00,carrusel-03,36.1,0.007,2.0
2026-05-25 02:00:00,carrusel-03,37.7,0.024,2.8
2026-05-25 02:15:00,carrusel-03,38.7,0.037,3.0
2026-05-25 02:30:00,carrusel-03,37.2,0.023,3.2
2026-05-25 02:45:00,carrusel-03,37.7,0.008,2.7
2026-05-25 03:00:00,carrusel-03,38.7,0.041,3.4
2026-05-25 03:15:00,carrusel-03,36.5,0.007,2.9
2026-05-25 03:30:00,carrusel-03,36.2,0.01,2.4
2026-05-25 03:45:00,carrusel-03,36.3,0.011,2.7
2026-05-25 04:00:00,carrusel-03,34.0,0.019,2.5
2026-05-25 04:15:00,carrusel-03,39.1,0.024,2.8
2026-05-25 04:30:00,carrusel-03,37.0,0.021,2.4
2026-05-25 04:45:00,carrusel-03,37.7,0.01,2.4
2026-05-25 05:00:00,carrusel-03,36.1,0.014,2.4
2026-05-25 05:15:00,carrusel-03,36.8,0.05,2.6
2026-05-25 05:30:00,carrusel-03,35.3,0.022,2.4
2026-05-25 05:45:00,carrusel-03,36.3,0.015,2.5
2026-05-25 06:00:00,carrusel-03,36.9,0.024,2.7
2026-05-25 06:15:00,carrusel-03,42.0,0.036,3.1
2026-05-25 06:30:00,carrusel-03,38.3,0.027,3.0
2026-05-25 06:45:00,carrusel-03,37.0,0.021,2.9
2026-05-25 07:00:00,carrusel-03,40.9,0.055,3.6
2026-05-25 07:15:00,carrusel-03,41.0,0.032,3.5
2026-05-25 07:30:00,carrusel-03,42.2,0.044,3.1
2026-05-25 07:45:00,carrusel-03,42.5,0.033,3.3
2026-05-25 08:00:00,carrusel-03,44.6,0.056,4.5
2026-05-25 08:15:00,carrusel-03,43.2,0.061,4.6
2026-05-25 08:30:00,carrusel-03,46.3,0.058,4.6
2026-05-25 08:45:00,carrusel-03,43.5,0.063,4.9
2026-05-25 09:00:00,carrusel-03,46.0,0.062,4.1
2026-05-25 09:15:00,carrusel-03,46.9,0.074,5.0
2026-05-25 09:30:00,carrusel-03,48.5,0.068,4.8
2026-05-25 09:45:00,carrusel-03,45.8,0.075,4.8
2026-05-25 10:00:00,carrusel-03,46.7,0.069,4.7
2026-05-25 10:15:00,carrusel-03,42.5,0.057,4.1
2026-05-25 10:30:00,carrusel-03,47.0,0.056,4.5
2026-05-25 10:45:00,carrusel-03,42.2,0.071,4.5
2026-05-25 11:00:00,carrusel-03,43.1,0.067,4.8
2026-05-25 11:15:00,carrusel-03,44.4,0.051,3.8
2026-05-25 11:30:00,carrusel-03,46.0,0.053,4.6
2026-05-25 11:45:00,carrusel-03,41.7,0.052,4.1
2026-05-25 12:00:00,carrusel-03,44.5,0.055,4.2
2026-05-25 12:15:00,carrusel-03,45.7,0.054,4.8
2026-05-25 12:30:00,carrusel-03,46.0,0.052,3.8
2026-05-25 12:45:00,carrusel-03,45.2,0.064,4.6
2026-05-25 13:00:00,carrusel-03,44.3,0.065,4.4
2026-05-25 13:15:00,carrusel-03,42.4,0.061,4.2
2026-05-25 13:30:00,carrusel-03,45.7,0.059,4.5
2026-05-25 13:45:00,carrusel-03,45.4,0.067,4.1
2026-05-25 14:00:00,carrusel-03,44.3,0.051,4.4
2026-05-25 14:15:00,carrusel-03,43.0,0.056,4.1
2026-05-25 14:30:00,carrusel-03,44.1,0.058,4.1
2026-05-25 14:45:00,carrusel-03,43.5,0.061,4.1
2026-05-25 15:00:00,carrusel-03,42.7,0.044,4.0
2026-05-25 15:15:00,carrusel-03,44.5,0.049,3.7
2026-05-25 15:30:00,carrusel-03,44.0,0.057,4.5
2026-05-25 15:45:00,carrusel-03,44.8,0.055,3.9
2026-05-25 16:00:00,carrusel-03,48.2,0.069,5.2
2026-05-25 16:15:00,carrusel-03,47.0,0.084,4.6
2026-05-25 16:30:00,carrusel-03,45.1,0.066,4.1
2026-05-25 16:45:00,carrusel-03,42.8,0.038,4.0
2026-05-25 17:00:00,carrusel-03,46.9,0.059,5.0
2026-05-25 17:15:00,carrusel-03,46.0,0.077,5.2
2026-05-25 17:30:00,carrusel-03,49.5,0.088,4.9
2026-05-25 17:45:00,carrusel-03,47.5,0.07,5.3
2026-05-25 18:00:00,carrusel-03,45.5,0.075,4.9
2026-05-25 18:15:00,carrusel-03,49.0,0.073,5.3
2026-05-25 18:30:00,carrusel-03,49.2,0.091,5.1
2026-05-25 18:45:00,carrusel-03,48.9,0.067,5.5
2026-05-25 19:00:00,carrusel-03,46.2,0.057,4.9
2026-05-25 19:15:00,carrusel-03,47.4,0.075,4.7
2026-05-25 19:30:00,carrusel-03,47.0,0.077,4.5
2026-05-25 19:45:00,carrusel-03,45.4,0.053,5.0
2026-05-25 20:00:00,carrusel-03,45.4,0.067,4.4
2026-05-25 20:15:00,carrusel-03,43.1,0.049,3.8
2026-05-25 20:30:00,carrusel-03,45.0,0.063,4.4
2026-05-25 20:45:00,carrusel-03,42.5,0.052,4.2
2026-05-25 21:00:00,carrusel-03,40.6,0.041,3.3
2026-05-25 21:15:00,carrusel-03,42.3,0.036,3.8
2026-05-25 21:30:00,carrusel-03,41.8,0.057,3.3
2026-05-25 21:45:00,carrusel-03,41.1,0.053,3.5
2026-05-25 22:00:00,carrusel-03,39.5,0.037,3.2
2026-05-25 22:15:00,carrusel-03,39.5,0.043,3.4
2026-05-25 22:30:00,carrusel-03,40.7,0.033,3.5
2026-05-25 22:45:00,carrusel-03,39.6,0.048,3.7
2026-05-25 23:00:00,carrusel-03,35.8,0.029,2.7
2026-05-25 23:15:00,carrusel-03,40.5,0.032,3.2
2026-05-25 23:30:00,carrusel-03,38.3,0.033,3.3
2026-05-25 23:45:00,carrusel-03,37.4,0.026,2.9
2026-05-26 00:00:00,carrusel-03,37.2,0.027,2.7
2026-05-26 00:15:00,carrusel-03,36.3,0.035,2.3
2026-05-26 00:30:00,carrusel-03,35.0,0.026,2.6
2026-05-26 00:45:00,carrusel-03,36.4,0.027,2.5
2026-05-26 01:00:00,carrusel-03,38.5,0.016,2.5
2026-05-26 01:15:00,carrusel-03,38.3,0.042,3.1
2026-05-26 01:30:00,carrusel-03,38.0,0.019,2.8
2026-05-26 01:45:00,carrusel-03,34.4,0.023,2.4
2026-05-26 02:00:00,carrusel-03,34.5,0.033,2.7
2026-05-26 02:15:00,carrusel-03,37.1,0.012,3.2
2026-05-26 02:30:00,carrusel-03,35.1,0.023,2.7
2026-05-26 02:45:00,carrusel-03,37.5,0.029,2.3
2026-05-26 03:00:00,carrusel-03,37.1,0.0,2.5
2026-05-26 03:15:00,carrusel-03,35.4,0.018,2.4
2026-05-26 03:30:00,carrusel-03,34.7,0.038,2.9
2026-05-26 03:45:00,carrusel-03,37.9,0.017,2.5
2026-05-26 04:00:00,carrusel-03,36.7,0.034,2.8
2026-05-26 04:15:00,carrusel-03,34.4,0.013,2.2
2026-05-26 04:30:00,carrusel-03,36.1,0.024,3.1
2026-05-26 04:45:00,carrusel-03,37.5,0.026,3.2
2026-05-26 05:00:00,carrusel-03,37.1,0.015,2.9
2026-05-26 05:15:00,carrusel-03,36.7,0.029,2.7
2026-05-26 05:30:00,carrusel-03,34.5,0.024,3.0
2026-05-26 05:45:00,carrusel-03,37.6,0.02,2.9
2026-05-26 06:00:00,carrusel-03,37.9,0.043,3.3
2026-05-26 06:15:00,carrusel-03,39.6,0.037,3.3
2026-05-26 06:30:00,carrusel-03,38.7,0.022,2.7
2026-05-26 06:45:00,carrusel-03,40.9,0.036,3.0
2026-05-26 07:00:00,carrusel-03,41.9,0.043,4.0
2026-05-26 07:15:00,carrusel-03,44.4,0.05,4.1
2026-05-26 07:30:00,carrusel-03,42.2,0.046,3.9
2026-05-26 07:45:00,carrusel-03,44.1,0.048,4.2
2026-05-26 08:00:00,carrusel-03,45.2,0.061,4.7
2026-05-26 08:15:00,carrusel-03,46.3,0.054,4.7
2026-05-26 08:30:00,carrusel-03,46.7,0.071,4.9
2026-05-26 08:45:00,carrusel-03,45.8,0.055,4.8
2026-05-26 09:00:00,carrusel-03,47.6,0.068,5.3
2026-05-26 09:15:00,carrusel-03,48.5,0.06,5.1
2026-05-26 09:30:00,carrusel-03,45.1,0.061,4.6
2026-05-26 09:45:00,carrusel-03,44.8,0.071,4.9
2026-05-26 10:00:00,carrusel-03,44.7,0.045,4.2
2026-05-26 10:15:00,carrusel-03,45.0,0.056,4.6
2026-05-26 10:30:00,carrusel-03,45.7,0.066,4.5
2026-05-26 10:45:00,carrusel-03,47.4,0.078,5.0
2026-05-26 11:00:00,carrusel-03,45.0,0.054,4.6
2026-05-26 11:15:00,carrusel-03,41.8,0.047,4.2
2026-05-26 11:30:00,carrusel-03,45.1,0.068,4.1
2026-05-26 11:45:00,carrusel-03,43.2,0.05,4.1
2026-05-26 12:00:00,carrusel-03,44.5,0.059,4.4
2026-05-26 12:15:00,carrusel-03,43.4,0.05,4.0
2026-05-26 12:30:00,carrusel-03,45.1,0.054,4.6
2026-05-26 12:45:00,carrusel-03,42.6,0.073,3.9
2026-05-26 13:00:00,carrusel-03,44.4,0.035,4.0
2026-05-26 13:15:00,carrusel-03,44.6,0.048,4.4
2026-05-26 13:30:00,carrusel-03,46.3,0.053,4.5
2026-05-26 13:45:00,carrusel-03,47.1,0.056,3.9
2026-05-26 14:00:00,carrusel-03,43.0,0.049,4.0
2026-05-26 14:15:00,carrusel-03,46.5,0.056,4.6
2026-05-26 14:30:00,carrusel-03,43.6,0.059,4.1
2026-05-26 14:45:00,carrusel-03,43.3,0.053,4.3
2026-05-26 15:00:00,carrusel-03,46.5,0.057,4.1
2026-05-26 15:15:00,carrusel-03,45.9,0.042,4.4
2026-05-26 15:30:00,carrusel-03,41.2,0.038,3.9
2026-05-26 15:45:00,carrusel-03,42.0,0.058,3.8
2026-05-26 16:00:00,carrusel-03,45.5,0.061,4.8
2026-05-26 16:15:00,carrusel-03,48.1,0.063,4.7
2026-05-26 16:30:00,carrusel-03,45.2,0.061,4.4
2026-05-26 16:45:00,carrusel-03,43.9,0.054,3.9
2026-05-26 17:00:00,carrusel-03,48.3,0.068,4.6
2026-05-26 17:15:00,carrusel-03,45.5,0.074,4.7
2026-05-26 17:30:00,carrusel-03,48.6,0.063,5.3
2026-05-26 17:45:00,carrusel-03,47.4,0.065,4.5
2026-05-26 18:00:00,carrusel-03,44.9,0.065,4.6
2026-05-26 18:15:00,carrusel-03,46.2,0.068,4.8
2026-05-26 18:30:00,carrusel-03,46.3,0.053,4.9
2026-05-26 18:45:00,carrusel-03,46.9,0.064,4.9
2026-05-26 19:00:00,carrusel-03,45.4,0.055,4.6
2026-05-26 19:15:00,carrusel-03,45.8,0.052,4.5
2026-05-26 19:30:00,carrusel-03,47.7,0.058,4.7
2026-05-26 19:45:00,carrusel-03,45.0,0.062,4.8
2026-05-26 20:00:00,carrusel-03,44.5,0.044,4.0
2026-05-26 20:15:00,carrusel-03,44.2,0.058,4.3
2026-05-26 20:30:00,carrusel-03,42.1,0.043,4.5
2026-05-26 20:45:00,carrusel-03,43.9,0.056,4.4
2026-05-26 21:00:00,carrusel-03,39.6,0.038,3.7
2026-05-26 21:15:00,carrusel-03,45.0,0.043,3.5
2026-05-26 21:30:00,carrusel-03,43.6,0.046,3.6
2026-05-26 21:45:00,carrusel-03,42.8,0.037,3.8
2026-05-26 22:00:00,carrusel-03,41.9,0.038,3.4
2026-05-26 22:15:00,carrusel-03,39.0,0.042,3.2
2026-05-26 22:30:00,carrusel-03,40.2,0.049,3.5
2026-05-26 22:45:00,carrusel-03,40.7,0.045,3.3
2026-05-26 23:00:00,carrusel-03,37.1,0.027,2.7
2026-05-26 23:15:00,carrusel-03,39.2,0.011,3.2
2026-05-26 23:30:00,carrusel-03,37.4,0.023,3.0
2026-05-26 23:45:00,carrusel-03,39.3,0.03,3.1
2026-05-27 00:00:00,carrusel-03,36.5,0.031,2.9
2026-05-27 00:15:00,carrusel-03,40.5,0.027,3.3
2026-05-27 00:30:00,carrusel-03,36.8,0.016,2.3
2026-05-27 00:45:00,carrusel-03,34.3,0.012,2.8
2026-05-27 01:00:00,carrusel-03,37.1,0.014,2.6
2026-05-27 01:15:00,carrusel-03,38.2,0.026,3.0
2026-05-27 01:30:00,carrusel-03,36.6,0.024,2.5
2026-05-27 01:45:00,carrusel-03,38.8,0.032,3.1
2026-05-27 02:00:00,carrusel-03,37.6,0.018,2.8
2026-05-27 02:15:00,carrusel-03,36.8,0.032,2.5
2026-05-27 02:30:00,carrusel-03,39.0,0.025,2.5
2026-05-27 02:45:00,carrusel-03,38.4,0.034,3.4
2026-05-27 03:00:00,carrusel-03,34.8,0.022,2.1
2026-05-27 03:15:00,carrusel-03,36.3,0.018,2.2
2026-05-27 03:30:00,carrusel-03,37.6,0.038,2.8
2026-05-27 03:45:00,carrusel-03,36.3,0.018,2.3
2026-05-27 04:00:00,carrusel-03,36.8,0.012,3.1
2026-05-27 04:15:00,carrusel-03,35.3,0.006,2.8
2026-05-27 04:30:00,carrusel-03,36.1,0.027,2.6
2026-05-27 04:45:00,carrusel-03,35.5,0.02,2.9
2026-05-27 05:00:00,carrusel-03,36.2,0.025,2.7
2026-05-27 05:15:00,carrusel-03,38.6,0.026,2.5
2026-05-27 05:30:00,carrusel-03,41.8,0.021,3.1
2026-05-27 05:45:00,carrusel-03,36.2,0.023,2.5
2026-05-27 06:00:00,carrusel-03,35.0,0.029,3.1
2026-05-27 06:15:00,carrusel-03,39.5,0.02,3.2
2026-05-27 06:30:00,carrusel-03,38.1,0.026,3.0
2026-05-27 06:45:00,carrusel-03,37.4,0.029,3.1
2026-05-27 07:00:00,carrusel-03,44.2,0.038,3.6
2026-05-27 07:15:00,carrusel-03,44.2,0.049,3.6
2026-05-27 07:30:00,carrusel-03,43.7,0.053,4.0
2026-05-27 07:45:00,carrusel-03,42.4,0.041,4.1
2026-05-27 08:00:00,carrusel-03,46.8,0.057,4.4
2026-05-27 08:15:00,carrusel-03,45.7,0.071,4.1
2026-05-27 08:30:00,carrusel-03,43.9,0.047,4.3
2026-05-27 08:45:00,carrusel-03,47.3,0.066,4.6
2026-05-27 09:00:00,carrusel-03,48.1,0.077,5.2
2026-05-27 09:15:00,carrusel-03,45.4,0.059,4.6
2026-05-27 09:30:00,carrusel-03,46.8,0.069,4.7
2026-05-27 09:45:00,carrusel-03,46.7,0.06,4.5
2026-05-27 10:00:00,carrusel-03,42.7,0.055,3.9
2026-05-27 10:15:00,carrusel-03,45.6,0.062,4.2
2026-05-27 10:30:00,carrusel-03,47.9,0.055,4.5
2026-05-27 10:45:00,carrusel-03,46.3,0.046,4.4
2026-05-27 11:00:00,carrusel-03,42.1,0.048,4.1
2026-05-27 11:15:00,carrusel-03,44.7,0.066,4.7
2026-05-27 11:30:00,carrusel-03,45.3,0.042,4.5
2026-05-27 11:45:00,carrusel-03,44.9,0.071,4.5
2026-05-27 12:00:00,carrusel-03,46.3,0.06,3.9
2026-05-27 12:15:00,carrusel-03,44.9,0.045,4.0
2026-05-27 12:30:00,carrusel-03,45.6,0.065,3.9
2026-05-27 12:45:00,carrusel-03,44.2,0.062,4.5
2026-05-27 13:00:00,carrusel-03,45.4,0.081,4.2
2026-05-27 13:15:00,carrusel-03,41.5,0.032,3.5
2026-05-27 13:30:00,carrusel-03,42.4,0.044,4.2
2026-05-27 13:45:00,carrusel-03,43.3,0.058,3.9
2026-05-27 14:00:00,carrusel-03,43.9,0.036,3.6
2026-05-27 14:15:00,carrusel-03,44.1,0.068,4.1
2026-05-27 14:30:00,carrusel-03,44.8,0.06,4.7
2026-05-27 14:45:00,carrusel-03,42.5,0.062,3.8
2026-05-27 15:00:00,carrusel-03,44.2,0.057,4.4
2026-05-27 15:15:00,carrusel-03,40.6,0.036,3.9
2026-05-27 15:30:00,carrusel-03,45.4,0.064,4.3
2026-05-27 15:45:00,carrusel-03,45.0,0.058,4.3
2026-05-27 16:00:00,carrusel-03,46.0,0.072,4.5
2026-05-27 16:15:00,carrusel-03,45.8,0.057,4.3
2026-05-27 16:30:00,carrusel-03,45.8,0.062,5.0
2026-05-27 16:45:00,carrusel-03,59.83754475721042,0.15950938621531363,4.9
2026-05-27 17:00:00,carrusel-03,45.4,0.045,5.0
2026-05-27 17:15:00,carrusel-03,46.3,0.056,4.8
2026-05-27 17:30:00,carrusel-03,46.4,0.074,4.7
2026-05-27 17:45:00,carrusel-03,44.0,0.052,4.7
2026-05-27 18:00:00,carrusel-03,44.7,0.064,4.6
2026-05-27 18:15:00,carrusel-03,50.2,0.063,5.1
2026-05-27 18:30:00,carrusel-03,47.3,0.058,5.0
2026-05-27 18:45:00,carrusel-03,47.5,0.074,4.8
2026-05-27 19:00:00,carrusel-03,46.6,0.067,4.5
2026-05-27 19:15:00,carrusel-03,45.9,0.065,4.9
2026-05-27 19:30:00,carrusel-03,45.8,0.079,4.5
2026-05-27 19:45:00,carrusel-03,48.5,0.071,5.1
2026-05-27 20:00:00,carrusel-03,45.3,0.055,4.5
2026-05-27 20:15:00,carrusel-03,42.9,0.058,4.7
2026-05-27 20:30:00,carrusel-03,44.6,0.053,4.6
2026-05-27 20:45:00,carrusel-03,45.7,0.067,4.1
2026-05-27 21:00:00,carrusel-03,43.2,0.054,3.6
2026-05-27 21:15:00,carrusel-03,40.4,0.048,3.9
2026-05-27 21:30:00,carrusel-03,40.0,0.028,3.3
2026-05-27 21:45:00,carrusel-03,41.1,0.043,3.4
2026-05-27 22:00:00,carrusel-03,40.4,0.033,3.4
2026-05-27 22:15:00,carrusel-03,39.5,0.027,3.8
2026-05-27 22:30:00,carrusel-03,38.9,0.041,3.8
2026-05-27 22:45:00,carrusel-03,39.5,0.027,3.0
2026-05-27 23:00:00,carrusel-03,36.1,0.026,2.5
2026-05-27 23:15:00,carrusel-03,39.1,0.036,3.0
2026-05-27 23:30:00,carrusel-03,37.8,0.017,2.7
2026-05-27 23:45:00,carrusel-03,50.81324199032365,0.08240561952274635,3.1
2026-05-28 00:00:00,carrusel-03,38.9,0.035,2.6
2026-05-28 00:15:00,carrusel-03,39.1,0.034,2.5
2026-05-28 00:30:00,carrusel-03,36.7,0.03,2.7
2026-05-28 00:45:00,carrusel-03,34.4,0.02,2.3
2026-05-28 01:00:00,carrusel-03,36.2,0.02,3.0
2026-05-28 01:15:00,carrusel-03,37.5,0.033,2.9
2026-05-28 01:30:00,carrusel-03,36.9,0.023,2.6
2026-05-28 01:45:00,carrusel-03,37.2,0.03,2.7
2026-05-28 02:00:00,carrusel-03,37.3,0.005,2.7
2026-05-28 02:15:00,carrusel-03,36.8,0.009,2.7
2026-05-28 02:30:00,carrusel-03,35.2,0.012,2.1
2026-05-28 02:45:00,carrusel-03,39.7,0.048,2.8
2026-05-28 03:00:00,carrusel-03,37.8,0.03,2.7
2026-05-28 03:15:00,carrusel-03,38.1,0.022,2.8
2026-05-28 03:30:00,carrusel-03,37.0,0.011,2.5
2026-05-28 03:45:00,carrusel-03,40.4,0.043,3.1
2026-05-28 04:00:00,carrusel-03,38.7,0.039,2.4
2026-05-28 04:15:00,carrusel-03,37.6,0.018,2.4
2026-05-28 04:30:00,carrusel-03,35.3,0.009,2.9
2026-05-28 04:45:00,carrusel-03,37.4,0.031,3.0
2026-05-28 05:00:00,carrusel-03,38.8,0.021,2.8
2026-05-28 05:15:00,carrusel-03,36.9,0.026,2.9
2026-05-28 05:30:00,carrusel-03,35.4,0.032,2.8
2026-05-28 05:45:00,carrusel-03,38.4,0.039,3.1
2026-05-28 06:00:00,carrusel-03,42.2,0.041,3.4
2026-05-28 06:15:00,carrusel-03,39.9,0.03,3.2
2026-05-28 06:30:00,carrusel-03,38.0,0.043,3.1
2026-05-28 06:45:00,carrusel-03,38.5,0.034,3.4
2026-05-28 07:00:00,carrusel-03,44.0,0.054,3.8
2026-05-28 07:15:00,carrusel-03,40.9,0.028,3.3
2026-05-28 07:30:00,carrusel-03,40.8,0.058,4.0
2026-05-28 07:45:00,carrusel-03,39.4,0.02,3.3
2026-05-28 08:00:00,carrusel-03,46.0,0.067,4.4
2026-05-28 08:15:00,carrusel-03,45.8,0.064,4.7
2026-05-28 08:30:00,carrusel-03,43.6,0.065,4.5
2026-05-28 08:45:00,carrusel-03,46.9,0.065,4.3
2026-05-28 09:00:00,carrusel-03,46.5,0.079,4.8
2026-05-28 09:15:00,carrusel-03,48.7,0.064,5.0
2026-05-28 09:30:00,carrusel-03,45.4,0.061,4.6
2026-05-28 09:45:00,carrusel-03,45.5,0.08,4.8
2026-05-28 10:00:00,carrusel-03,46.4,0.063,4.6
2026-05-28 10:15:00,carrusel-03,49.0,0.068,4.7
2026-05-28 10:30:00,carrusel-03,48.0,0.058,4.6
2026-05-28 10:45:00,carrusel-03,42.5,0.059,4.0
2026-05-28 11:00:00,carrusel-03,46.0,0.054,4.7
2026-05-28 11:15:00,carrusel-03,44.9,0.057,3.7
2026-05-28 11:30:00,carrusel-03,46.4,0.057,4.4
2026-05-28 11:45:00,carrusel-03,43.3,0.052,4.0
2026-05-28 12:00:00,carrusel-03,44.5,0.042,4.3
2026-05-28 12:15:00,carrusel-03,42.4,0.037,3.8
2026-05-28 12:30:00,carrusel-03,43.9,0.066,4.3
2026-05-28 12:45:00,carrusel-03,46.1,0.057,4.8
2026-05-28 13:00:00,carrusel-03,42.5,0.047,4.1
2026-05-28 13:15:00,carrusel-03,42.7,0.058,4.5
2026-05-28 13:30:00,carrusel-03,45.1,0.051,4.0
2026-05-28 13:45:00,carrusel-03,45.1,0.054,4.5
2026-05-28 14:00:00,carrusel-03,42.8,0.047,4.3
2026-05-28 14:15:00,carrusel-03,41.0,0.039,3.1
2026-05-28 14:30:00,carrusel-03,44.1,0.056,3.5
2026-05-28 14:45:00,carrusel-03,44.1,0.063,4.5
2026-05-28 15:00:00,carrusel-03,44.3,0.048,3.6
2026-05-28 15:15:00,carrusel-03,44.1,0.051,4.3
2026-05-28 15:30:00,carrusel-03,43.4,0.056,3.8
2026-05-28 15:45:00,carrusel-03,43.4,0.066,4.0
2026-05-28 16:00:00,carrusel-03,46.5,0.06,4.6
2026-05-28 16:15:00,carrusel-03,45.7,0.068,4.4
2026-05-28 16:30:00,carrusel-03,45.3,0.06,4.5
2026-05-28 16:45:00,carrusel-03,46.1,0.07,4.5
2026-05-28 17:00:00,carrusel-03,48.8,0.053,5.4
2026-05-28 17:15:00,carrusel-03,45.6,0.071,5.0
2026-05-28 17:30:00,carrusel-03,49.2,0.076,5.1
2026-05-28 17:45:00,carrusel-03,47.9,0.084,4.7
2026-05-28 18:00:00,carrusel-03,48.1,0.077,4.8
2026-05-28 18:15:00,carrusel-03,46.7,0.066,5.0
2026-05-28 18:30:00,carrusel-03,47.9,0.083,4.6
2026-05-28 18:45:00,carrusel-03,46.0,0.064,4.8
2026-05-28 19:00:00,carrusel-03,48.4,0.055,4.3
2026-05-28 19:15:00,carrusel-03,45.3,0.068,5.6
2026-05-28 19:30:00,carrusel-03,45.2,0.063,4.7
2026-05-28 19:45:00,carrusel-03,47.3,0.055,5.0
2026-05-28 20:00:00,carrusel-03,45.9,0.052,4.6
2026-05-28 20:15:00,carrusel-03,43.8,0.044,3.9
2026-05-28 20:30:00,carrusel-03,44.5,0.051,4.2
2026-05-28 20:45:00,carrusel-03,44.2,0.057,4.4
2026-05-28 21:00:00,carrusel-03,38.7,0.041,3.3
2026-05-28 21:15:00,carrusel-03,43.2,0.051,4.1
2026-05-28 21:30:00,carrusel-03,42.8,0.04,4.2
2026-05-28 21:45:00,carrusel-03,43.5,0.054,4.3
2026-05-28 22:00:00,carrusel-03,38.2,0.039,3.1
2026-05-28 22:15:00,carrusel-03,39.5,0.025,3.5
2026-05-28 22:30:00,carrusel-03,40.2,0.05,3.3
2026-05-28 22:45:00,carrusel-03,38.9,0.032,3.3
2026-05-28 23:00:00,carrusel-03,39.1,0.042,2.8
2026-05-28 23:15:00,carrusel-03,37.7,0.041,3.3
2026-05-28 23:30:00,carrusel-03,39.0,0.009,3.0
2026-05-28 23:45:00,carrusel-03,36.3,0.027,2.7
2026-05-29 00:00:00,carrusel-03,34.7,0.014,2.7
2026-05-29 00:15:00,carrusel-03,36.9,0.023,2.9
2026-05-29 00:30:00,carrusel-03,33.8,0.034,3.1
2026-05-29 00:45:00,carrusel-03,34.8,0.016,2.3
2026-05-29 01:00:00,carrusel-03,35.2,0.017,3.1
2026-05-29 01:15:00,carrusel-03,37.5,0.023,2.1
2026-05-29 01:30:00,carrusel-03,37.4,0.023,2.9
2026-05-29 01:45:00,carrusel-03,38.3,0.036,2.9
2026-05-29 02:00:00,carrusel-03,35.4,0.044,2.6
2026-05-29 02:15:00,carrusel-03,40.7,0.034,3.2
2026-05-29 02:30:00,carrusel-03,33.9,0.02,2.7
2026-05-29 02:45:00,carrusel-03,36.5,0.027,2.3
2026-05-29 03:00:00,carrusel-03,34.8,0.013,2.2
2026-05-29 03:15:00,carrusel-03,37.7,0.013,2.5
2026-05-29 03:30:00,carrusel-03,37.4,0.03,2.7
2026-05-29 03:45:00,carrusel-03,37.2,0.017,3.2
2026-05-29 04:00:00,carrusel-03,36.8,0.028,2.4
2026-05-29 04:15:00,carrusel-03,38.4,0.04,2.7
2026-05-29 04:30:00,carrusel-03,35.4,0.022,2.5
2026-05-29 04:45:00,carrusel-03,33.7,0.024,2.9
2026-05-29 05:00:00,carrusel-03,38.2,0.031,2.9
2026-05-29 05:15:00,carrusel-03,38.0,0.024,2.7
2026-05-29 05:30:00,carrusel-03,37.9,0.024,2.9
2026-05-29 05:45:00,carrusel-03,38.5,0.037,2.8
2026-05-29 06:00:00,carrusel-03,37.1,0.027,2.4
2026-05-29 06:15:00,carrusel-03,40.7,0.042,3.7
2026-05-29 06:30:00,carrusel-03,38.2,0.025,2.8
2026-05-29 06:45:00,carrusel-03,39.5,0.023,3.0
2026-05-29 07:00:00,carrusel-03,41.9,0.047,3.5
2026-05-29 07:15:00,carrusel-03,42.5,0.063,3.4
2026-05-29 07:30:00,carrusel-03,42.4,0.051,4.0
2026-05-29 07:45:00,carrusel-03,42.0,0.036,4.0
2026-05-29 08:00:00,carrusel-03,45.6,0.055,4.1
2026-05-29 08:15:00,carrusel-03,44.6,0.064,4.4
2026-05-29 08:30:00,carrusel-03,45.4,0.06,4.7
2026-05-29 08:45:00,carrusel-03,44.9,0.045,4.5
2026-05-29 09:00:00,carrusel-03,51.4,0.071,5.2
2026-05-29 09:15:00,carrusel-03,46.8,0.064,4.3
2026-05-29 09:30:00,carrusel-03,47.7,0.066,5.1
2026-05-29 09:45:00,carrusel-03,47.7,0.055,4.5
2026-05-29 10:00:00,carrusel-03,45.9,0.053,4.1
2026-05-29 10:15:00,carrusel-03,45.0,0.048,4.1
2026-05-29 10:30:00,carrusel-03,47.0,0.067,4.9
2026-05-29 10:45:00,carrusel-03,45.7,0.065,4.3
2026-05-29 11:00:00,carrusel-03,45.0,0.05,4.4
2026-05-29 11:15:00,carrusel-03,42.2,0.06,3.7
2026-05-29 11:30:00,carrusel-03,43.9,0.047,4.0
2026-05-29 11:45:00,carrusel-03,42.7,0.061,4.2
2026-05-29 12:00:00,carrusel-03,46.0,0.055,4.2
2026-05-29 12:15:00,carrusel-03,43.5,0.043,4.0
2026-05-29 12:30:00,carrusel-03,46.0,0.029,4.0
2026-05-29 12:45:00,carrusel-03,46.6,0.07,4.7
2026-05-29 13:00:00,carrusel-03,40.8,0.053,3.9
2026-05-29 13:15:00,carrusel-03,42.9,0.065,4.5
2026-05-29 13:30:00,carrusel-03,42.9,0.042,4.2
2026-05-29 13:45:00,carrusel-03,44.7,0.038,4.5
2026-05-29 14:00:00,carrusel-03,43.1,0.059,4.5
2026-05-29 14:15:00,carrusel-03,42.6,0.059,4.0
2026-05-29 14:30:00,carrusel-03,39.5,0.055,3.9
2026-05-29 14:45:00,carrusel-03,43.0,0.047,3.8
2026-05-29 15:00:00,carrusel-03,41.0,0.045,4.0
2026-05-29 15:15:00,carrusel-03,45.0,0.064,4.6
2026-05-29 15:30:00,carrusel-03,45.6,0.058,4.2
2026-05-29 15:45:00,carrusel-03,47.0,0.06,4.8
2026-05-29 16:00:00,carrusel-03,43.6,0.064,4.4
2026-05-29 16:15:00,carrusel-03,46.5,0.057,4.6
2026-05-29 16:30:00,carrusel-03,43.6,0.065,4.5
2026-05-29 16:45:00,carrusel-03,44.4,0.061,4.4
2026-05-29 17:00:00,carrusel-03,47.3,0.061,5.0
2026-05-29 17:15:00,carrusel-03,48.3,0.058,4.4
2026-05-29 17:30:00,carrusel-03,46.5,0.059,4.4
2026-05-29 17:45:00,carrusel-03,48.8,0.07,5.3
2026-05-29 18:00:00,carrusel-03,55.0,0.10200000000000001,5.2
2026-05-29 18:15:00,carrusel-03,57.472727272727276,0.11027272727272727,5.1
2026-05-29 18:30:00,carrusel-03,58.445454545454545,0.13654545454545455,4.9
2026-05-29 18:45:00,carrusel-03,57.01818181818182,0.1338181818181818,4.7
2026-05-29 19:00:00,carrusel-03,58.990909090909085,0.1370909090909091,4.5
2026-05-29 19:15:00,carrusel-03,61.46363636363637,0.13936363636363636,4.9
2026-05-29 19:30:00,carrusel-03,62.03636363636363,0.14963636363636362,3.9
2026-05-29 19:45:00,carrusel-03,62.90909090909091,0.1669090909090909,4.5
2026-05-29 20:00:00,carrusel-03,64.98181818181817,0.1451818181818182,4.5
2026-05-29 20:15:00,carrusel-03,62.35454545454545,0.15045454545454545,3.9
2026-05-29 20:30:00,carrusel-03,68.22727272727272,0.18572727272727274,4.8
2026-05-29 20:45:00,carrusel-03,66.0,0.18,3.9
2026-05-29 21:00:00,carrusel-03,42.8,0.06,3.7
2026-05-29 21:15:00,carrusel-03,40.1,0.05,3.1
2026-05-29 21:30:00,carrusel-03,40.6,0.035,3.4
2026-05-29 21:45:00,carrusel-03,41.3,0.03,4.2
2026-05-29 22:00:00,carrusel-03,37.7,0.041,3.0
2026-05-29 22:15:00,carrusel-03,41.1,0.047,3.4
2026-05-29 22:30:00,carrusel-03,37.9,0.045,3.3
2026-05-29 22:45:00,carrusel-03,40.7,0.033,3.6
2026-05-29 23:00:00,carrusel-03,39.8,0.024,3.0
2026-05-29 23:15:00,carrusel-03,37.5,0.032,2.4
2026-05-29 23:30:00,carrusel-03,38.7,0.026,3.0
2026-05-29 23:45:00,carrusel-03,33.2,0.021,2.6
2026-05-30 00:00:00,carrusel-03,36.5,0.025,3.1
2026-05-30 00:15:00,carrusel-03,38.6,0.022,2.9
2026-05-30 00:30:00,carrusel-03,37.3,0.03,2.7
2026-05-30 00:45:00,carrusel-03,37.3,0.031,3.1
2026-05-30 01:00:00,carrusel-03,35.8,0.03,3.0
2026-05-30 01:15:00,carrusel-03,36.2,0.021,3.0
2026-05-30 01:30:00,carrusel-03,35.6,0.033,2.5
2026-05-30 01:45:00,carrusel-03,34.9,0.023,2.2
2026-05-30 02:00:00,carrusel-03,36.4,0.03,2.6
2026-05-30 02:15:00,carrusel-03,37.4,0.018,2.3
2026-05-30 02:30:00,carrusel-03,37.7,0.021,2.5
2026-05-30 02:45:00,carrusel-03,35.8,0.016,2.5
2026-05-30 03:00:00,carrusel-03,37.7,0.039,2.9
2026-05-30 03:15:00,carrusel-03,36.0,0.021,2.2
2026-05-30 03:30:00,carrusel-03,39.6,0.034,3.2
2026-05-30 03:45:00,carrusel-03,37.3,0.021,2.9
2026-05-30 04:00:00,carrusel-03,36.5,0.038,2.9
2026-05-30 04:15:00,carrusel-03,39.2,0.026,2.9
2026-05-30 04:30:00,carrusel-03,36.6,0.027,2.8
2026-05-30 04:45:00,carrusel-03,38.8,0.009,2.2
2026-05-30 05:00:00,carrusel-03,38.4,0.018,2.9
2026-05-30 05:15:00,carrusel-03,37.5,0.047,2.5
2026-05-30 05:30:00,carrusel-03,38.9,0.033,2.8
2026-05-30 05:45:00,carrusel-03,36.5,0.027,2.6
2026-05-30 06:00:00,carrusel-03,37.8,0.031,2.9
2026-05-30 06:15:00,carrusel-03,38.7,0.027,3.3
2026-05-30 06:30:00,carrusel-03,37.6,0.027,2.7
2026-05-30 06:45:00,carrusel-03,38.9,0.027,2.7
2026-05-30 07:00:00,carrusel-03,38.5,0.033,3.4
2026-05-30 07:15:00,carrusel-03,38.6,0.034,2.8
2026-05-30 07:30:00,carrusel-03,38.2,0.026,3.2
2026-05-30 07:45:00,carrusel-03,39.8,0.042,3.8
2026-05-30 08:00:00,carrusel-03,42.7,0.062,4.3
2026-05-30 08:15:00,carrusel-03,43.0,0.052,4.1
2026-05-30 08:30:00,carrusel-03,42.4,0.048,4.1
2026-05-30 08:45:00,carrusel-03,44.5,0.047,4.1
2026-05-30 09:00:00,carrusel-03,46.4,0.057,4.3
2026-05-30 09:15:00,carrusel-03,42.1,0.05,4.2
2026-05-30 09:30:00,carrusel-03,44.7,0.059,4.2
2026-05-30 09:45:00,carrusel-03,44.9,0.055,4.3
2026-05-30 10:00:00,carrusel-03,41.5,0.05,3.7
2026-05-30 10:15:00,carrusel-03,45.3,0.044,4.1
2026-05-30 10:30:00,carrusel-03,41.6,0.061,3.7
2026-05-30 10:45:00,carrusel-03,44.1,0.043,3.9
2026-05-30 11:00:00,carrusel-03,39.4,0.016,3.5
2026-05-30 11:15:00,carrusel-03,43.7,0.04,3.9
2026-05-30 11:30:00,carrusel-03,40.8,0.052,3.9
2026-05-30 11:45:00,carrusel-03,41.4,0.051,3.8
2026-05-30 12:00:00,carrusel-03,43.9,0.08,4.3
2026-05-30 12:15:00,carrusel-03,42.4,0.04,3.8
2026-05-30 12:30:00,carrusel-03,40.2,0.049,3.4
2026-05-30 12:45:00,carrusel-03,42.6,0.054,3.4
2026-05-30 13:00:00,carrusel-03,41.7,0.046,4.0
2026-05-30 13:15:00,carrusel-03,39.3,0.023,3.3
2026-05-30 13:30:00,carrusel-03,41.9,0.034,3.7
2026-05-30 13:45:00,carrusel-03,39.1,0.042,3.2
2026-05-30 14:00:00,carrusel-03,41.9,0.046,3.7
2026-05-30 14:15:00,carrusel-03,42.9,0.048,3.9
2026-05-30 14:30:00,carrusel-03,41.2,0.036,3.4
2026-05-30 14:45:00,carrusel-03,40.0,0.033,3.5
2026-05-30 15:00:00,carrusel-03,43.4,0.035,4.0
2026-05-30 15:15:00,carrusel-03,42.7,0.038,3.8
2026-05-30 15:30:00,carrusel-03,40.2,0.05,4.0
2026-05-30 15:45:00,carrusel-03,43.6,0.043,3.9
2026-05-30 16:00:00,carrusel-03,43.4,0.051,3.4
2026-05-30 16:15:00,carrusel-03,40.8,0.027,3.5
2026-05-30 16:30:00,carrusel-03,42.4,0.06,4.2
2026-05-30 16:45:00,carrusel-03,43.5,0.04,4.3
2026-05-30 17:00:00,carrusel-03,41.8,0.062,4.5
2026-05-30 17:15:00,carrusel-03,46.1,0.052,4.0
2026-05-30 17:30:00,carrusel-03,45.5,0.045,4.2
2026-05-30 17:45:00,carrusel-03,42.9,0.059,4.0
2026-05-30 18:00:00,carrusel-03,44.9,0.064,4.2
2026-05-30 18:15:00,carrusel-03,42.9,0.052,4.1
2026-05-30 18:30:00,carrusel-03,44.4,0.052,3.7
2026-05-30 18:45:00,carrusel-03,42.9,0.051,4.4
2026-05-30 19:00:00,carrusel-03,42.5,0.053,4.0
2026-05-30 19:15:00,carrusel-03,44.2,0.061,4.1
2026-05-30 19:30:00,carrusel-03,46.1,0.052,4.8
2026-05-30 19:45:00,carrusel-03,42.5,0.064,4.5
2026-05-30 20:00:00,carrusel-03,41.4,0.044,3.9
2026-05-30 20:15:00,carrusel-03,44.2,0.052,4.4
2026-05-30 20:30:00,carrusel-03,43.2,0.043,3.8
2026-05-30 20:45:00,carrusel-03,41.9,0.042,4.0
2026-05-30 21:00:00,carrusel-03,38.1,0.049,3.3
2026-05-30 21:15:00,carrusel-03,36.8,0.012,2.6
2026-05-30 21:30:00,carrusel-03,37.3,0.017,2.8
2026-05-30 21:45:00,carrusel-03,39.1,0.029,3.4
2026-05-30 22:00:00,carrusel-03,41.4,0.036,3.8
2026-05-30 22:15:00,carrusel-03,35.8,0.026,3.3
2026-05-30 22:30:00,carrusel-03,38.8,0.021,3.3
2026-05-30 22:45:00,carrusel-03,39.9,0.027,3.0
2026-05-30 23:00:00,carrusel-03,36.1,0.011,2.3
2026-05-30 23:15:00,carrusel-03,36.9,0.022,2.9
2026-05-30 23:30:00,carrusel-03,37.2,0.028,2.6
2026-05-30 23:45:00,carrusel-03,37.7,0.014,3.0
